Source Name	Comment[ENA_SAMPLE]	Comment[BioSD_SAMPLE]	Characteristics[organism]	Characteristics[age]	Unit[time unit]	Term Source REF	Term Accession Number	Characteristics[developmental stage]	Characteristics[sex]	Characteristics[disease]	Characteristics[individual]	Characteristics[organism part]	Material Type	Protocol REF	Performer	Protocol REF	Performer	Protocol REF	Performer	Extract Name	Material Type	Comment[LIBRARY_LAYOUT]	Comment[LIBRARY_SELECTION]	Comment[LIBRARY_SOURCE]	Comment[LIBRARY_STRAND]	Comment[LIBRARY_STRATEGY]	Comment[NOMINAL_LENGTH]	Protocol REF	Performer	Assay Name	Technology Type	Comment[ENA_EXPERIMENT]	Scan Name	Comment[SUBMITTED_FILE_NAME]	Comment[ENA_RUN]	Comment[FASTQ_URI]	Factor Value[disease]
B-01	ERS24434682	SAMEA118253475	Homo sapiens	28	year	EFO	UO_0000036	adult	female	normal	1	endometrium	organism part	P-MTAB-162327	General Hospital in Prague	P-MTAB-162328	Radoslav Janoštiak	P-MTAB-162329	Radoslav Janoštiak	B-01	RNA	PAIRED	PolyA	TRANSCRIPTOMIC	not applicable	RNA-Seq	300	P-MTAB-162330	National Center for Medical Genomics, Pilsen, Czech Republic	B-01	sequencing assay	ERX14347347	B-01_S1_R1.fastq.gz	B-01_S1_R1.fastq.gz	ERR14943004	ftp://ftp.sra.ebi.ac.uk/vol1/fastq/ERR149/004/ERR14943004/ERR14943004_1.fastq.gz	normal
B-01	ERS24434682	SAMEA118253475	Homo sapiens	28	year	EFO	UO_0000036	adult	female	normal	1	endometrium	organism part	P-MTAB-162327	General Hospital in Prague	P-MTAB-162328	Radoslav Janoštiak	P-MTAB-162329	Radoslav Janoštiak	B-01	RNA	PAIRED	PolyA	TRANSCRIPTOMIC	not applicable	RNA-Seq	300	P-MTAB-162330	National Center for Medical Genomics, Pilsen, Czech Republic	B-01	sequencing assay	ERX14347347	B-01_S1_R2.fastq.gz	B-01_S1_R2.fastq.gz	ERR14943004	ftp://ftp.sra.ebi.ac.uk/vol1/fastq/ERR149/004/ERR14943004/ERR14943004_2.fastq.gz	normal
B-03	ERS24434683	SAMEA118253476	Homo sapiens	32	year	EFO	UO_0000036	adult	female	normal	3	endometrium	organism part	P-MTAB-162327	General Hospital in Prague	P-MTAB-162328	Radoslav Janoštiak	P-MTAB-162329	Radoslav Janoštiak	B-03	RNA	PAIRED	PolyA	TRANSCRIPTOMIC	not applicable	RNA-Seq	300	P-MTAB-162330	National Center for Medical Genomics, Pilsen, Czech Republic	B-03	sequencing assay	ERX14347348	B-03_S2_R1.fastq.gz	B-03_S2_R1.fastq.gz	ERR14943005	ftp://ftp.sra.ebi.ac.uk/vol1/fastq/ERR149/005/ERR14943005/ERR14943005_1.fastq.gz	normal
B-03	ERS24434683	SAMEA118253476	Homo sapiens	32	year	EFO	UO_0000036	adult	female	normal	3	endometrium	organism part	P-MTAB-162327	General Hospital in Prague	P-MTAB-162328	Radoslav Janoštiak	P-MTAB-162329	Radoslav Janoštiak	B-03	RNA	PAIRED	PolyA	TRANSCRIPTOMIC	not applicable	RNA-Seq	300	P-MTAB-162330	National Center for Medical Genomics, Pilsen, Czech Republic	B-03	sequencing assay	ERX14347348	B-03_S2_R2.fastq.gz	B-03_S2_R2.fastq.gz	ERR14943005	ftp://ftp.sra.ebi.ac.uk/vol1/fastq/ERR149/005/ERR14943005/ERR14943005_2.fastq.gz	normal
B-04	ERS24434684	SAMEA118253477	Homo sapiens	35	year	EFO	UO_0000036	adult	female	normal	4	endometrium	organism part	P-MTAB-162327	General Hospital in Prague	P-MTAB-162328	Radoslav Janoštiak	P-MTAB-162329	Radoslav Janoštiak	B-04	RNA	PAIRED	PolyA	TRANSCRIPTOMIC	not applicable	RNA-Seq	300	P-MTAB-162330	National Center for Medical Genomics, Pilsen, Czech Republic	B-04	sequencing assay	ERX14347349	B-04_S3_R1.fastq.gz	B-04_S3_R1.fastq.gz	ERR14943006	ftp://ftp.sra.ebi.ac.uk/vol1/fastq/ERR149/006/ERR14943006/ERR14943006_1.fastq.gz	normal
B-04	ERS24434684	SAMEA118253477	Homo sapiens	35	year	EFO	UO_0000036	adult	female	normal	4	endometrium	organism part	P-MTAB-162327	General Hospital in Prague	P-MTAB-162328	Radoslav Janoštiak	P-MTAB-162329	Radoslav Janoštiak	B-04	RNA	PAIRED	PolyA	TRANSCRIPTOMIC	not applicable	RNA-Seq	300	P-MTAB-162330	National Center for Medical Genomics, Pilsen, Czech Republic	B-04	sequencing assay	ERX14347349	B-04_S3_R2.fastq.gz	B-04_S3_R2.fastq.gz	ERR14943006	ftp://ftp.sra.ebi.ac.uk/vol1/fastq/ERR149/006/ERR14943006/ERR14943006_2.fastq.gz	normal
B-05	ERS24434685	SAMEA118253478	Homo sapiens	33	year	EFO	UO_0000036	adult	female	normal	5	endometrium	organism part	P-MTAB-162327	General Hospital in Prague	P-MTAB-162328	Radoslav Janoštiak	P-MTAB-162329	Radoslav Janoštiak	B-05	RNA	PAIRED	PolyA	TRANSCRIPTOMIC	not applicable	RNA-Seq	300	P-MTAB-162330	National Center for Medical Genomics, Pilsen, Czech Republic	B-05	sequencing assay	ERX14347350	B-05_S4_R1.fastq.gz	B-05_S4_R1.fastq.gz	ERR14943007	ftp://ftp.sra.ebi.ac.uk/vol1/fastq/ERR149/007/ERR14943007/ERR14943007_1.fastq.gz	normal
B-05	ERS24434685	SAMEA118253478	Homo sapiens	33	year	EFO	UO_0000036	adult	female	normal	5	endometrium	organism part	P-MTAB-162327	General Hospital in Prague	P-MTAB-162328	Radoslav Janoštiak	P-MTAB-162329	Radoslav Janoštiak	B-05	RNA	PAIRED	PolyA	TRANSCRIPTOMIC	not applicable	RNA-Seq	300	P-MTAB-162330	National Center for Medical Genomics, Pilsen, Czech Republic	B-05	sequencing assay	ERX14347350	B-05_S4_R2.fastq.gz	B-05_S4_R2.fastq.gz	ERR14943007	ftp://ftp.sra.ebi.ac.uk/vol1/fastq/ERR149/007/ERR14943007/ERR14943007_2.fastq.gz	normal
B-06	ERS24434686	SAMEA118253479	Homo sapiens	30	year	EFO	UO_0000036	adult	female	normal	6	endometrium	organism part	P-MTAB-162327	General Hospital in Prague	P-MTAB-162328	Radoslav Janoštiak	P-MTAB-162329	Radoslav Janoštiak	B-06	RNA	PAIRED	PolyA	TRANSCRIPTOMIC	not applicable	RNA-Seq	300	P-MTAB-162330	National Center for Medical Genomics, Pilsen, Czech Republic	B-06	sequencing assay	ERX14347351	B-06_S5_R1.fastq.gz	B-06_S5_R1.fastq.gz	ERR14943008	ftp://ftp.sra.ebi.ac.uk/vol1/fastq/ERR149/008/ERR14943008/ERR14943008_1.fastq.gz	normal
B-06	ERS24434686	SAMEA118253479	Homo sapiens	30	year	EFO	UO_0000036	adult	female	normal	6	endometrium	organism part	P-MTAB-162327	General Hospital in Prague	P-MTAB-162328	Radoslav Janoštiak	P-MTAB-162329	Radoslav Janoštiak	B-06	RNA	PAIRED	PolyA	TRANSCRIPTOMIC	not applicable	RNA-Seq	300	P-MTAB-162330	National Center for Medical Genomics, Pilsen, Czech Republic	B-06	sequencing assay	ERX14347351	B-06_S5_R2.fastq.gz	B-06_S5_R2.fastq.gz	ERR14943008	ftp://ftp.sra.ebi.ac.uk/vol1/fastq/ERR149/008/ERR14943008/ERR14943008_2.fastq.gz	normal
B-07	ERS24434687	SAMEA118253480	Homo sapiens	33	year	EFO	UO_0000036	adult	female	normal	7	endometrium	organism part	P-MTAB-162327	General Hospital in Prague	P-MTAB-162328	Radoslav Janoštiak	P-MTAB-162329	Radoslav Janoštiak	B-07	RNA	PAIRED	PolyA	TRANSCRIPTOMIC	not applicable	RNA-Seq	300	P-MTAB-162330	National Center for Medical Genomics, Pilsen, Czech Republic	B-07	sequencing assay	ERX14347352	B-07_S6_R1.fastq.gz	B-07_S6_R1.fastq.gz	ERR14943009	ftp://ftp.sra.ebi.ac.uk/vol1/fastq/ERR149/009/ERR14943009/ERR14943009_1.fastq.gz	normal
B-07	ERS24434687	SAMEA118253480	Homo sapiens	33	year	EFO	UO_0000036	adult	female	normal	7	endometrium	organism part	P-MTAB-162327	General Hospital in Prague	P-MTAB-162328	Radoslav Janoštiak	P-MTAB-162329	Radoslav Janoštiak	B-07	RNA	PAIRED	PolyA	TRANSCRIPTOMIC	not applicable	RNA-Seq	300	P-MTAB-162330	National Center for Medical Genomics, Pilsen, Czech Republic	B-07	sequencing assay	ERX14347352	B-07_S6_R2.fastq.gz	B-07_S6_R2.fastq.gz	ERR14943009	ftp://ftp.sra.ebi.ac.uk/vol1/fastq/ERR149/009/ERR14943009/ERR14943009_2.fastq.gz	normal
B-08	ERS24434688	SAMEA118253481	Homo sapiens	37	year	EFO	UO_0000036	adult	female	normal	8	endometrium	organism part	P-MTAB-162327	General Hospital in Prague	P-MTAB-162328	Radoslav Janoštiak	P-MTAB-162329	Radoslav Janoštiak	B-08	RNA	PAIRED	PolyA	TRANSCRIPTOMIC	not applicable	RNA-Seq	300	P-MTAB-162330	National Center for Medical Genomics, Pilsen, Czech Republic	B-08	sequencing assay	ERX14347353	B-08_S7_R1.fastq.gz	B-08_S7_R1.fastq.gz	ERR14943010	ftp://ftp.sra.ebi.ac.uk/vol1/fastq/ERR149/010/ERR14943010/ERR14943010_1.fastq.gz	normal
B-08	ERS24434688	SAMEA118253481	Homo sapiens	37	year	EFO	UO_0000036	adult	female	normal	8	endometrium	organism part	P-MTAB-162327	General Hospital in Prague	P-MTAB-162328	Radoslav Janoštiak	P-MTAB-162329	Radoslav Janoštiak	B-08	RNA	PAIRED	PolyA	TRANSCRIPTOMIC	not applicable	RNA-Seq	300	P-MTAB-162330	National Center for Medical Genomics, Pilsen, Czech Republic	B-08	sequencing assay	ERX14347353	B-08_S7_R2.fastq.gz	B-08_S7_R2.fastq.gz	ERR14943010	ftp://ftp.sra.ebi.ac.uk/vol1/fastq/ERR149/010/ERR14943010/ERR14943010_2.fastq.gz	normal
B-09	ERS24434689	SAMEA118253482	Homo sapiens	33	year	EFO	UO_0000036	adult	female	normal	9	endometrium	organism part	P-MTAB-162327	General Hospital in Prague	P-MTAB-162328	Radoslav Janoštiak	P-MTAB-162329	Radoslav Janoštiak	B-09	RNA	PAIRED	PolyA	TRANSCRIPTOMIC	not applicable	RNA-Seq	300	P-MTAB-162330	National Center for Medical Genomics, Pilsen, Czech Republic	B-09	sequencing assay	ERX14347354	B-09_S8_R1.fastq.gz	B-09_S8_R1.fastq.gz	ERR14943011	ftp://ftp.sra.ebi.ac.uk/vol1/fastq/ERR149/011/ERR14943011/ERR14943011_1.fastq.gz	normal
B-09	ERS24434689	SAMEA118253482	Homo sapiens	33	year	EFO	UO_0000036	adult	female	normal	9	endometrium	organism part	P-MTAB-162327	General Hospital in Prague	P-MTAB-162328	Radoslav Janoštiak	P-MTAB-162329	Radoslav Janoštiak	B-09	RNA	PAIRED	PolyA	TRANSCRIPTOMIC	not applicable	RNA-Seq	300	P-MTAB-162330	National Center for Medical Genomics, Pilsen, Czech Republic	B-09	sequencing assay	ERX14347354	B-09_S8_R2.fastq.gz	B-09_S8_R2.fastq.gz	ERR14943011	ftp://ftp.sra.ebi.ac.uk/vol1/fastq/ERR149/011/ERR14943011/ERR14943011_2.fastq.gz	normal
B-10	ERS24434690	SAMEA118253483	Homo sapiens	38	year	EFO	UO_0000036	adult	female	normal	10	endometrium	organism part	P-MTAB-162327	General Hospital in Prague	P-MTAB-162328	Radoslav Janoštiak	P-MTAB-162329	Radoslav Janoštiak	B-10	RNA	PAIRED	PolyA	TRANSCRIPTOMIC	not applicable	RNA-Seq	300	P-MTAB-162330	National Center for Medical Genomics, Pilsen, Czech Republic	B-10	sequencing assay	ERX14347355	B-10_S9_R1.fastq.gz	B-10_S9_R1.fastq.gz	ERR14943012	ftp://ftp.sra.ebi.ac.uk/vol1/fastq/ERR149/012/ERR14943012/ERR14943012_1.fastq.gz	normal
B-10	ERS24434690	SAMEA118253483	Homo sapiens	38	year	EFO	UO_0000036	adult	female	normal	10	endometrium	organism part	P-MTAB-162327	General Hospital in Prague	P-MTAB-162328	Radoslav Janoštiak	P-MTAB-162329	Radoslav Janoštiak	B-10	RNA	PAIRED	PolyA	TRANSCRIPTOMIC	not applicable	RNA-Seq	300	P-MTAB-162330	National Center for Medical Genomics, Pilsen, Czech Republic	B-10	sequencing assay	ERX14347355	B-10_S9_R2.fastq.gz	B-10_S9_R2.fastq.gz	ERR14943012	ftp://ftp.sra.ebi.ac.uk/vol1/fastq/ERR149/012/ERR14943012/ERR14943012_2.fastq.gz	normal
B-11	ERS24434691	SAMEA118253484	Homo sapiens	29	year	EFO	UO_0000036	adult	female	normal	11	endometrium	organism part	P-MTAB-162327	General Hospital in Prague	P-MTAB-162328	Radoslav Janoštiak	P-MTAB-162329	Radoslav Janoštiak	B-11	RNA	PAIRED	PolyA	TRANSCRIPTOMIC	not applicable	RNA-Seq	300	P-MTAB-162330	National Center for Medical Genomics, Pilsen, Czech Republic	B-11	sequencing assay	ERX14347356	B-11_S10_R1.fastq.gz	B-11_S10_R1.fastq.gz	ERR14943013	ftp://ftp.sra.ebi.ac.uk/vol1/fastq/ERR149/013/ERR14943013/ERR14943013_1.fastq.gz	normal
B-11	ERS24434691	SAMEA118253484	Homo sapiens	29	year	EFO	UO_0000036	adult	female	normal	11	endometrium	organism part	P-MTAB-162327	General Hospital in Prague	P-MTAB-162328	Radoslav Janoštiak	P-MTAB-162329	Radoslav Janoštiak	B-11	RNA	PAIRED	PolyA	TRANSCRIPTOMIC	not applicable	RNA-Seq	300	P-MTAB-162330	National Center for Medical Genomics, Pilsen, Czech Republic	B-11	sequencing assay	ERX14347356	B-11_S10_R2.fastq.gz	B-11_S10_R2.fastq.gz	ERR14943013	ftp://ftp.sra.ebi.ac.uk/vol1/fastq/ERR149/013/ERR14943013/ERR14943013_2.fastq.gz	normal
B-12	ERS24434692	SAMEA118253485	Homo sapiens	23	year	EFO	UO_0000036	adult	female	normal	12	endometrium	organism part	P-MTAB-162327	General Hospital in Prague	P-MTAB-162328	Radoslav Janoštiak	P-MTAB-162329	Radoslav Janoštiak	B-12	RNA	PAIRED	PolyA	TRANSCRIPTOMIC	not applicable	RNA-Seq	300	P-MTAB-162330	National Center for Medical Genomics, Pilsen, Czech Republic	B-12	sequencing assay	ERX14347357	B-12_S11_R1.fastq.gz	B-12_S11_R1.fastq.gz	ERR14943014	ftp://ftp.sra.ebi.ac.uk/vol1/fastq/ERR149/014/ERR14943014/ERR14943014_1.fastq.gz	normal
B-12	ERS24434692	SAMEA118253485	Homo sapiens	23	year	EFO	UO_0000036	adult	female	normal	12	endometrium	organism part	P-MTAB-162327	General Hospital in Prague	P-MTAB-162328	Radoslav Janoštiak	P-MTAB-162329	Radoslav Janoštiak	B-12	RNA	PAIRED	PolyA	TRANSCRIPTOMIC	not applicable	RNA-Seq	300	P-MTAB-162330	National Center for Medical Genomics, Pilsen, Czech Republic	B-12	sequencing assay	ERX14347357	B-12_S11_R2.fastq.gz	B-12_S11_R2.fastq.gz	ERR14943014	ftp://ftp.sra.ebi.ac.uk/vol1/fastq/ERR149/014/ERR14943014/ERR14943014_2.fastq.gz	normal
B-13	ERS24434693	SAMEA118253486	Homo sapiens	30	year	EFO	UO_0000036	adult	female	normal	13	endometrium	organism part	P-MTAB-162327	General Hospital in Prague	P-MTAB-162328	Radoslav Janoštiak	P-MTAB-162329	Radoslav Janoštiak	B-13	RNA	PAIRED	PolyA	TRANSCRIPTOMIC	not applicable	RNA-Seq	300	P-MTAB-162330	National Center for Medical Genomics, Pilsen, Czech Republic	B-13	sequencing assay	ERX14347358	B-13_S12_R1.fastq.gz	B-13_S12_R1.fastq.gz	ERR14943015	ftp://ftp.sra.ebi.ac.uk/vol1/fastq/ERR149/015/ERR14943015/ERR14943015_1.fastq.gz	normal
B-13	ERS24434693	SAMEA118253486	Homo sapiens	30	year	EFO	UO_0000036	adult	female	normal	13	endometrium	organism part	P-MTAB-162327	General Hospital in Prague	P-MTAB-162328	Radoslav Janoštiak	P-MTAB-162329	Radoslav Janoštiak	B-13	RNA	PAIRED	PolyA	TRANSCRIPTOMIC	not applicable	RNA-Seq	300	P-MTAB-162330	National Center for Medical Genomics, Pilsen, Czech Republic	B-13	sequencing assay	ERX14347358	B-13_S12_R2.fastq.gz	B-13_S12_R2.fastq.gz	ERR14943015	ftp://ftp.sra.ebi.ac.uk/vol1/fastq/ERR149/015/ERR14943015/ERR14943015_2.fastq.gz	normal
B-14	ERS24434694	SAMEA118253487	Homo sapiens	33	year	EFO	UO_0000036	adult	female	normal	14	endometrium	organism part	P-MTAB-162327	General Hospital in Prague	P-MTAB-162328	Radoslav Janoštiak	P-MTAB-162329	Radoslav Janoštiak	B-14	RNA	PAIRED	PolyA	TRANSCRIPTOMIC	not applicable	RNA-Seq	300	P-MTAB-162330	National Center for Medical Genomics, Pilsen, Czech Republic	B-14	sequencing assay	ERX14347359	B-14_S13_R1.fastq.gz	B-14_S13_R1.fastq.gz	ERR14943016	ftp://ftp.sra.ebi.ac.uk/vol1/fastq/ERR149/016/ERR14943016/ERR14943016_1.fastq.gz	normal
B-14	ERS24434694	SAMEA118253487	Homo sapiens	33	year	EFO	UO_0000036	adult	female	normal	14	endometrium	organism part	P-MTAB-162327	General Hospital in Prague	P-MTAB-162328	Radoslav Janoštiak	P-MTAB-162329	Radoslav Janoštiak	B-14	RNA	PAIRED	PolyA	TRANSCRIPTOMIC	not applicable	RNA-Seq	300	P-MTAB-162330	National Center for Medical Genomics, Pilsen, Czech Republic	B-14	sequencing assay	ERX14347359	B-14_S13_R2.fastq.gz	B-14_S13_R2.fastq.gz	ERR14943016	ftp://ftp.sra.ebi.ac.uk/vol1/fastq/ERR149/016/ERR14943016/ERR14943016_2.fastq.gz	normal
B-15	ERS24434695	SAMEA118253488	Homo sapiens	25	year	EFO	UO_0000036	adult	female	normal	15	endometrium	organism part	P-MTAB-162327	General Hospital in Prague	P-MTAB-162328	Radoslav Janoštiak	P-MTAB-162329	Radoslav Janoštiak	B-15	RNA	PAIRED	PolyA	TRANSCRIPTOMIC	not applicable	RNA-Seq	300	P-MTAB-162330	National Center for Medical Genomics, Pilsen, Czech Republic	B-15	sequencing assay	ERX14347360	B-15_S14_R1.fastq.gz	B-15_S14_R1.fastq.gz	ERR14943017	ftp://ftp.sra.ebi.ac.uk/vol1/fastq/ERR149/017/ERR14943017/ERR14943017_1.fastq.gz	normal
B-15	ERS24434695	SAMEA118253488	Homo sapiens	25	year	EFO	UO_0000036	adult	female	normal	15	endometrium	organism part	P-MTAB-162327	General Hospital in Prague	P-MTAB-162328	Radoslav Janoštiak	P-MTAB-162329	Radoslav Janoštiak	B-15	RNA	PAIRED	PolyA	TRANSCRIPTOMIC	not applicable	RNA-Seq	300	P-MTAB-162330	National Center for Medical Genomics, Pilsen, Czech Republic	B-15	sequencing assay	ERX14347360	B-15_S14_R2.fastq.gz	B-15_S14_R2.fastq.gz	ERR14943017	ftp://ftp.sra.ebi.ac.uk/vol1/fastq/ERR149/017/ERR14943017/ERR14943017_2.fastq.gz	normal
B-16	ERS24434696	SAMEA118253489	Homo sapiens	25	year	EFO	UO_0000036	adult	female	normal	16	endometrium	organism part	P-MTAB-162327	General Hospital in Prague	P-MTAB-162328	Radoslav Janoštiak	P-MTAB-162329	Radoslav Janoštiak	B-16	RNA	PAIRED	PolyA	TRANSCRIPTOMIC	not applicable	RNA-Seq	300	P-MTAB-162330	National Center for Medical Genomics, Pilsen, Czech Republic	B-16	sequencing assay	ERX14347361	B-16_S15_R1.fastq.gz	B-16_S15_R1.fastq.gz	ERR14943018	ftp://ftp.sra.ebi.ac.uk/vol1/fastq/ERR149/018/ERR14943018/ERR14943018_1.fastq.gz	normal
B-16	ERS24434696	SAMEA118253489	Homo sapiens	25	year	EFO	UO_0000036	adult	female	normal	16	endometrium	organism part	P-MTAB-162327	General Hospital in Prague	P-MTAB-162328	Radoslav Janoštiak	P-MTAB-162329	Radoslav Janoštiak	B-16	RNA	PAIRED	PolyA	TRANSCRIPTOMIC	not applicable	RNA-Seq	300	P-MTAB-162330	National Center for Medical Genomics, Pilsen, Czech Republic	B-16	sequencing assay	ERX14347361	B-16_S15_R2.fastq.gz	B-16_S15_R2.fastq.gz	ERR14943018	ftp://ftp.sra.ebi.ac.uk/vol1/fastq/ERR149/018/ERR14943018/ERR14943018_2.fastq.gz	normal
DE-01	ERS24434697	SAMEA118253490	Homo sapiens	34	year	EFO	UO_0000036	adult	female	Deep infiltration endometriosis (DIE)	1	body proper	organism part	P-MTAB-162327	General Hospital in Prague	P-MTAB-162328	Radoslav Janoštiak	P-MTAB-162329	Radoslav Janoštiak	DE-01	RNA	PAIRED	PolyA	TRANSCRIPTOMIC	not applicable	RNA-Seq	300	P-MTAB-162330	National Center for Medical Genomics, Pilsen, Czech Republic	DE-01	sequencing assay	ERX14347362	DE-01_S16_R1.fastq.gz	DE-01_S16_R1.fastq.gz	ERR14943019	ftp://ftp.sra.ebi.ac.uk/vol1/fastq/ERR149/019/ERR14943019/ERR14943019_1.fastq.gz	Deep infiltration endometriosis (DIE)
DE-01	ERS24434697	SAMEA118253490	Homo sapiens	34	year	EFO	UO_0000036	adult	female	Deep infiltration endometriosis (DIE)	1	body proper	organism part	P-MTAB-162327	General Hospital in Prague	P-MTAB-162328	Radoslav Janoštiak	P-MTAB-162329	Radoslav Janoštiak	DE-01	RNA	PAIRED	PolyA	TRANSCRIPTOMIC	not applicable	RNA-Seq	300	P-MTAB-162330	National Center for Medical Genomics, Pilsen, Czech Republic	DE-01	sequencing assay	ERX14347362	DE-01_S16_R2.fastq.gz	DE-01_S16_R2.fastq.gz	ERR14943019	ftp://ftp.sra.ebi.ac.uk/vol1/fastq/ERR149/019/ERR14943019/ERR14943019_2.fastq.gz	Deep infiltration endometriosis (DIE)
DE-03	ERS24434698	SAMEA118253491	Homo sapiens	31	year	EFO	UO_0000036	adult	female	Deep infiltration endometriosis (DIE)	3	body proper	organism part	P-MTAB-162327	General Hospital in Prague	P-MTAB-162328	Radoslav Janoštiak	P-MTAB-162329	Radoslav Janoštiak	DE-03	RNA	PAIRED	PolyA	TRANSCRIPTOMIC	not applicable	RNA-Seq	300	P-MTAB-162330	National Center for Medical Genomics, Pilsen, Czech Republic	DE-03	sequencing assay	ERX14347363	DE-03_S17_R1.fastq.gz	DE-03_S17_R1.fastq.gz	ERR14943020	ftp://ftp.sra.ebi.ac.uk/vol1/fastq/ERR149/020/ERR14943020/ERR14943020_1.fastq.gz	Deep infiltration endometriosis (DIE)
DE-03	ERS24434698	SAMEA118253491	Homo sapiens	31	year	EFO	UO_0000036	adult	female	Deep infiltration endometriosis (DIE)	3	body proper	organism part	P-MTAB-162327	General Hospital in Prague	P-MTAB-162328	Radoslav Janoštiak	P-MTAB-162329	Radoslav Janoštiak	DE-03	RNA	PAIRED	PolyA	TRANSCRIPTOMIC	not applicable	RNA-Seq	300	P-MTAB-162330	National Center for Medical Genomics, Pilsen, Czech Republic	DE-03	sequencing assay	ERX14347363	DE-03_S17_R2.fastq.gz	DE-03_S17_R2.fastq.gz	ERR14943020	ftp://ftp.sra.ebi.ac.uk/vol1/fastq/ERR149/020/ERR14943020/ERR14943020_2.fastq.gz	Deep infiltration endometriosis (DIE)
DE-04	ERS24434699	SAMEA118253492	Homo sapiens	36	year	EFO	UO_0000036	adult	female	Deep infiltration endometriosis (DIE)	4	body proper	organism part	P-MTAB-162327	General Hospital in Prague	P-MTAB-162328	Radoslav Janoštiak	P-MTAB-162329	Radoslav Janoštiak	DE-04	RNA	PAIRED	PolyA	TRANSCRIPTOMIC	not applicable	RNA-Seq	300	P-MTAB-162330	National Center for Medical Genomics, Pilsen, Czech Republic	DE-04	sequencing assay	ERX14347364	DE-04_S18_R1.fastq.gz	DE-04_S18_R1.fastq.gz	ERR14943021	ftp://ftp.sra.ebi.ac.uk/vol1/fastq/ERR149/021/ERR14943021/ERR14943021_1.fastq.gz	Deep infiltration endometriosis (DIE)
DE-04	ERS24434699	SAMEA118253492	Homo sapiens	36	year	EFO	UO_0000036	adult	female	Deep infiltration endometriosis (DIE)	4	body proper	organism part	P-MTAB-162327	General Hospital in Prague	P-MTAB-162328	Radoslav Janoštiak	P-MTAB-162329	Radoslav Janoštiak	DE-04	RNA	PAIRED	PolyA	TRANSCRIPTOMIC	not applicable	RNA-Seq	300	P-MTAB-162330	National Center for Medical Genomics, Pilsen, Czech Republic	DE-04	sequencing assay	ERX14347364	DE-04_S18_R2.fastq.gz	DE-04_S18_R2.fastq.gz	ERR14943021	ftp://ftp.sra.ebi.ac.uk/vol1/fastq/ERR149/021/ERR14943021/ERR14943021_2.fastq.gz	Deep infiltration endometriosis (DIE)
DE-05	ERS24434700	SAMEA118253493	Homo sapiens	24	year	EFO	UO_0000036	adult	female	Deep infiltration endometriosis (DIE)	5	body proper	organism part	P-MTAB-162327	General Hospital in Prague	P-MTAB-162328	Radoslav Janoštiak	P-MTAB-162329	Radoslav Janoštiak	DE-05	RNA	PAIRED	PolyA	TRANSCRIPTOMIC	not applicable	RNA-Seq	300	P-MTAB-162330	National Center for Medical Genomics, Pilsen, Czech Republic	DE-05	sequencing assay	ERX14347365	DE-05_S19_R1.fastq.gz	DE-05_S19_R1.fastq.gz	ERR14943022	ftp://ftp.sra.ebi.ac.uk/vol1/fastq/ERR149/022/ERR14943022/ERR14943022_1.fastq.gz	Deep infiltration endometriosis (DIE)
DE-05	ERS24434700	SAMEA118253493	Homo sapiens	24	year	EFO	UO_0000036	adult	female	Deep infiltration endometriosis (DIE)	5	body proper	organism part	P-MTAB-162327	General Hospital in Prague	P-MTAB-162328	Radoslav Janoštiak	P-MTAB-162329	Radoslav Janoštiak	DE-05	RNA	PAIRED	PolyA	TRANSCRIPTOMIC	not applicable	RNA-Seq	300	P-MTAB-162330	National Center for Medical Genomics, Pilsen, Czech Republic	DE-05	sequencing assay	ERX14347365	DE-05_S19_R2.fastq.gz	DE-05_S19_R2.fastq.gz	ERR14943022	ftp://ftp.sra.ebi.ac.uk/vol1/fastq/ERR149/022/ERR14943022/ERR14943022_2.fastq.gz	Deep infiltration endometriosis (DIE)
DE-06	ERS24434701	SAMEA118253494	Homo sapiens	32	year	EFO	UO_0000036	adult	female	Deep infiltration endometriosis (DIE)	6	body proper	organism part	P-MTAB-162327	General Hospital in Prague	P-MTAB-162328	Radoslav Janoštiak	P-MTAB-162329	Radoslav Janoštiak	DE-06	RNA	PAIRED	PolyA	TRANSCRIPTOMIC	not applicable	RNA-Seq	300	P-MTAB-162330	National Center for Medical Genomics, Pilsen, Czech Republic	DE-06	sequencing assay	ERX14347366	DE-06_S20_R1.fastq.gz	DE-06_S20_R1.fastq.gz	ERR14943023	ftp://ftp.sra.ebi.ac.uk/vol1/fastq/ERR149/023/ERR14943023/ERR14943023_1.fastq.gz	Deep infiltration endometriosis (DIE)
DE-06	ERS24434701	SAMEA118253494	Homo sapiens	32	year	EFO	UO_0000036	adult	female	Deep infiltration endometriosis (DIE)	6	body proper	organism part	P-MTAB-162327	General Hospital in Prague	P-MTAB-162328	Radoslav Janoštiak	P-MTAB-162329	Radoslav Janoštiak	DE-06	RNA	PAIRED	PolyA	TRANSCRIPTOMIC	not applicable	RNA-Seq	300	P-MTAB-162330	National Center for Medical Genomics, Pilsen, Czech Republic	DE-06	sequencing assay	ERX14347366	DE-06_S20_R2.fastq.gz	DE-06_S20_R2.fastq.gz	ERR14943023	ftp://ftp.sra.ebi.ac.uk/vol1/fastq/ERR149/023/ERR14943023/ERR14943023_2.fastq.gz	Deep infiltration endometriosis (DIE)
DE-09	ERS24434702	SAMEA118253495	Homo sapiens	26	year	EFO	UO_0000036	adult	female	Deep infiltration endometriosis (DIE)	9	body proper	organism part	P-MTAB-162327	General Hospital in Prague	P-MTAB-162328	Radoslav Janoštiak	P-MTAB-162329	Radoslav Janoštiak	DE-09	RNA	PAIRED	PolyA	TRANSCRIPTOMIC	not applicable	RNA-Seq	300	P-MTAB-162330	National Center for Medical Genomics, Pilsen, Czech Republic	DE-09	sequencing assay	ERX14347367	DE-09_S21_R1.fastq.gz	DE-09_S21_R1.fastq.gz	ERR14943024	ftp://ftp.sra.ebi.ac.uk/vol1/fastq/ERR149/024/ERR14943024/ERR14943024_1.fastq.gz	Deep infiltration endometriosis (DIE)
DE-09	ERS24434702	SAMEA118253495	Homo sapiens	26	year	EFO	UO_0000036	adult	female	Deep infiltration endometriosis (DIE)	9	body proper	organism part	P-MTAB-162327	General Hospital in Prague	P-MTAB-162328	Radoslav Janoštiak	P-MTAB-162329	Radoslav Janoštiak	DE-09	RNA	PAIRED	PolyA	TRANSCRIPTOMIC	not applicable	RNA-Seq	300	P-MTAB-162330	National Center for Medical Genomics, Pilsen, Czech Republic	DE-09	sequencing assay	ERX14347367	DE-09_S21_R2.fastq.gz	DE-09_S21_R2.fastq.gz	ERR14943024	ftp://ftp.sra.ebi.ac.uk/vol1/fastq/ERR149/024/ERR14943024/ERR14943024_2.fastq.gz	Deep infiltration endometriosis (DIE)
DE-10	ERS24434703	SAMEA118253496	Homo sapiens	36	year	EFO	UO_0000036	adult	female	Deep infiltration endometriosis (DIE)	10	body proper	organism part	P-MTAB-162327	General Hospital in Prague	P-MTAB-162328	Radoslav Janoštiak	P-MTAB-162329	Radoslav Janoštiak	DE-10	RNA	PAIRED	PolyA	TRANSCRIPTOMIC	not applicable	RNA-Seq	300	P-MTAB-162330	National Center for Medical Genomics, Pilsen, Czech Republic	DE-10	sequencing assay	ERX14347368	DE-10_S22_R1.fastq.gz	DE-10_S22_R1.fastq.gz	ERR14943025	ftp://ftp.sra.ebi.ac.uk/vol1/fastq/ERR149/025/ERR14943025/ERR14943025_1.fastq.gz	Deep infiltration endometriosis (DIE)
DE-10	ERS24434703	SAMEA118253496	Homo sapiens	36	year	EFO	UO_0000036	adult	female	Deep infiltration endometriosis (DIE)	10	body proper	organism part	P-MTAB-162327	General Hospital in Prague	P-MTAB-162328	Radoslav Janoštiak	P-MTAB-162329	Radoslav Janoštiak	DE-10	RNA	PAIRED	PolyA	TRANSCRIPTOMIC	not applicable	RNA-Seq	300	P-MTAB-162330	National Center for Medical Genomics, Pilsen, Czech Republic	DE-10	sequencing assay	ERX14347368	DE-10_S22_R2.fastq.gz	DE-10_S22_R2.fastq.gz	ERR14943025	ftp://ftp.sra.ebi.ac.uk/vol1/fastq/ERR149/025/ERR14943025/ERR14943025_2.fastq.gz	Deep infiltration endometriosis (DIE)
DE-12	ERS24434704	SAMEA118253497	Homo sapiens	40	year	EFO	UO_0000036	adult	female	Deep infiltration endometriosis (DIE)	12	body proper	organism part	P-MTAB-162327	General Hospital in Prague	P-MTAB-162328	Radoslav Janoštiak	P-MTAB-162329	Radoslav Janoštiak	DE-12	RNA	PAIRED	PolyA	TRANSCRIPTOMIC	not applicable	RNA-Seq	300	P-MTAB-162330	National Center for Medical Genomics, Pilsen, Czech Republic	DE-12	sequencing assay	ERX14347369	DE-12_S23_R1.fastq.gz	DE-12_S23_R1.fastq.gz	ERR14943026	ftp://ftp.sra.ebi.ac.uk/vol1/fastq/ERR149/026/ERR14943026/ERR14943026_1.fastq.gz	Deep infiltration endometriosis (DIE)
DE-12	ERS24434704	SAMEA118253497	Homo sapiens	40	year	EFO	UO_0000036	adult	female	Deep infiltration endometriosis (DIE)	12	body proper	organism part	P-MTAB-162327	General Hospital in Prague	P-MTAB-162328	Radoslav Janoštiak	P-MTAB-162329	Radoslav Janoštiak	DE-12	RNA	PAIRED	PolyA	TRANSCRIPTOMIC	not applicable	RNA-Seq	300	P-MTAB-162330	National Center for Medical Genomics, Pilsen, Czech Republic	DE-12	sequencing assay	ERX14347369	DE-12_S23_R2.fastq.gz	DE-12_S23_R2.fastq.gz	ERR14943026	ftp://ftp.sra.ebi.ac.uk/vol1/fastq/ERR149/026/ERR14943026/ERR14943026_2.fastq.gz	Deep infiltration endometriosis (DIE)
DE-13	ERS24434705	SAMEA118253498	Homo sapiens	29	year	EFO	UO_0000036	adult	female	Deep infiltration endometriosis (DIE)	13	body proper	organism part	P-MTAB-162327	General Hospital in Prague	P-MTAB-162328	Radoslav Janoštiak	P-MTAB-162329	Radoslav Janoštiak	DE-13	RNA	PAIRED	PolyA	TRANSCRIPTOMIC	not applicable	RNA-Seq	300	P-MTAB-162330	National Center for Medical Genomics, Pilsen, Czech Republic	DE-13	sequencing assay	ERX14347370	DE-13_S24_R1.fastq.gz	DE-13_S24_R1.fastq.gz	ERR14943027	ftp://ftp.sra.ebi.ac.uk/vol1/fastq/ERR149/027/ERR14943027/ERR14943027_1.fastq.gz	Deep infiltration endometriosis (DIE)
DE-13	ERS24434705	SAMEA118253498	Homo sapiens	29	year	EFO	UO_0000036	adult	female	Deep infiltration endometriosis (DIE)	13	body proper	organism part	P-MTAB-162327	General Hospital in Prague	P-MTAB-162328	Radoslav Janoštiak	P-MTAB-162329	Radoslav Janoštiak	DE-13	RNA	PAIRED	PolyA	TRANSCRIPTOMIC	not applicable	RNA-Seq	300	P-MTAB-162330	National Center for Medical Genomics, Pilsen, Czech Republic	DE-13	sequencing assay	ERX14347370	DE-13_S24_R2.fastq.gz	DE-13_S24_R2.fastq.gz	ERR14943027	ftp://ftp.sra.ebi.ac.uk/vol1/fastq/ERR149/027/ERR14943027/ERR14943027_2.fastq.gz	Deep infiltration endometriosis (DIE)
DE-14	ERS24434706	SAMEA118253499	Homo sapiens	26	year	EFO	UO_0000036	adult	female	Deep infiltration endometriosis (DIE)endometriosis	14	body proper	organism part	P-MTAB-162327	General Hospital in Prague	P-MTAB-162328	Radoslav Janoštiak	P-MTAB-162329	Radoslav Janoštiak	DE-14	RNA	PAIRED	PolyA	TRANSCRIPTOMIC	not applicable	RNA-Seq	300	P-MTAB-162330	National Center for Medical Genomics, Pilsen, Czech Republic	DE-14	sequencing assay	ERX14347371	DE-14_S25_R1.fastq.gz	DE-14_S25_R1.fastq.gz	ERR14943028	ftp://ftp.sra.ebi.ac.uk/vol1/fastq/ERR149/028/ERR14943028/ERR14943028_1.fastq.gz	Deep infiltration endometriosis (DIE)endometriosis
DE-14	ERS24434706	SAMEA118253499	Homo sapiens	26	year	EFO	UO_0000036	adult	female	Deep infiltration endometriosis (DIE)endometriosis	14	body proper	organism part	P-MTAB-162327	General Hospital in Prague	P-MTAB-162328	Radoslav Janoštiak	P-MTAB-162329	Radoslav Janoštiak	DE-14	RNA	PAIRED	PolyA	TRANSCRIPTOMIC	not applicable	RNA-Seq	300	P-MTAB-162330	National Center for Medical Genomics, Pilsen, Czech Republic	DE-14	sequencing assay	ERX14347371	DE-14_S25_R2.fastq.gz	DE-14_S25_R2.fastq.gz	ERR14943028	ftp://ftp.sra.ebi.ac.uk/vol1/fastq/ERR149/028/ERR14943028/ERR14943028_2.fastq.gz	Deep infiltration endometriosis (DIE)endometriosis
DE-16	ERS24434708	SAMEA118253501	Homo sapiens	25	year	EFO	UO_0000036	adult	female	Deep infiltration endometriosis (DIE)	16	body proper	organism part	P-MTAB-162327	General Hospital in Prague	P-MTAB-162328	Radoslav Janoštiak	P-MTAB-162329	Radoslav Janoštiak	DE-16	RNA	PAIRED	PolyA	TRANSCRIPTOMIC	not applicable	RNA-Seq	300	P-MTAB-162330	National Center for Medical Genomics, Pilsen, Czech Republic	DE-16	sequencing assay	ERX14347373	DE-16_S27_R1.fastq.gz	DE-16_S27_R1.fastq.gz	ERR14943030	ftp://ftp.sra.ebi.ac.uk/vol1/fastq/ERR149/030/ERR14943030/ERR14943030_1.fastq.gz	Deep infiltration endometriosis (DIE)
DE-16	ERS24434708	SAMEA118253501	Homo sapiens	25	year	EFO	UO_0000036	adult	female	Deep infiltration endometriosis (DIE)	16	body proper	organism part	P-MTAB-162327	General Hospital in Prague	P-MTAB-162328	Radoslav Janoštiak	P-MTAB-162329	Radoslav Janoštiak	DE-16	RNA	PAIRED	PolyA	TRANSCRIPTOMIC	not applicable	RNA-Seq	300	P-MTAB-162330	National Center for Medical Genomics, Pilsen, Czech Republic	DE-16	sequencing assay	ERX14347373	DE-16_S27_R2.fastq.gz	DE-16_S27_R2.fastq.gz	ERR14943030	ftp://ftp.sra.ebi.ac.uk/vol1/fastq/ERR149/030/ERR14943030/ERR14943030_2.fastq.gz	Deep infiltration endometriosis (DIE)
DE-17	ERS24434709	SAMEA118253502	Homo sapiens	28	year	EFO	UO_0000036	adult	female	Deep infiltration endometriosis (DIE)	17	body proper	organism part	P-MTAB-162327	General Hospital in Prague	P-MTAB-162328	Radoslav Janoštiak	P-MTAB-162329	Radoslav Janoštiak	DE-17	RNA	PAIRED	PolyA	TRANSCRIPTOMIC	not applicable	RNA-Seq	300	P-MTAB-162330	National Center for Medical Genomics, Pilsen, Czech Republic	DE-17	sequencing assay	ERX14347374	DE-17_S28_R1.fastq.gz	DE-17_S28_R1.fastq.gz	ERR14943031	ftp://ftp.sra.ebi.ac.uk/vol1/fastq/ERR149/031/ERR14943031/ERR14943031_1.fastq.gz	Deep infiltration endometriosis (DIE)
DE-17	ERS24434709	SAMEA118253502	Homo sapiens	28	year	EFO	UO_0000036	adult	female	Deep infiltration endometriosis (DIE)	17	body proper	organism part	P-MTAB-162327	General Hospital in Prague	P-MTAB-162328	Radoslav Janoštiak	P-MTAB-162329	Radoslav Janoštiak	DE-17	RNA	PAIRED	PolyA	TRANSCRIPTOMIC	not applicable	RNA-Seq	300	P-MTAB-162330	National Center for Medical Genomics, Pilsen, Czech Republic	DE-17	sequencing assay	ERX14347374	DE-17_S28_R2.fastq.gz	DE-17_S28_R2.fastq.gz	ERR14943031	ftp://ftp.sra.ebi.ac.uk/vol1/fastq/ERR149/031/ERR14943031/ERR14943031_2.fastq.gz	Deep infiltration endometriosis (DIE)
DE-20	ERS24434710	SAMEA118253503	Homo sapiens	28	year	EFO	UO_0000036	adult	female	Deep infiltration endometriosis (DIE)	20	body proper	organism part	P-MTAB-162327	General Hospital in Prague	P-MTAB-162328	Radoslav Janoštiak	P-MTAB-162329	Radoslav Janoštiak	DE-20	RNA	PAIRED	PolyA	TRANSCRIPTOMIC	not applicable	RNA-Seq	300	P-MTAB-162330	National Center for Medical Genomics, Pilsen, Czech Republic	DE-20	sequencing assay	ERX14347375	DE-20_S29_R1.fastq.gz	DE-20_S29_R1.fastq.gz	ERR14943032	ftp://ftp.sra.ebi.ac.uk/vol1/fastq/ERR149/032/ERR14943032/ERR14943032_1.fastq.gz	Deep infiltration endometriosis (DIE)
DE-20	ERS24434710	SAMEA118253503	Homo sapiens	28	year	EFO	UO_0000036	adult	female	Deep infiltration endometriosis (DIE)	20	body proper	organism part	P-MTAB-162327	General Hospital in Prague	P-MTAB-162328	Radoslav Janoštiak	P-MTAB-162329	Radoslav Janoštiak	DE-20	RNA	PAIRED	PolyA	TRANSCRIPTOMIC	not applicable	RNA-Seq	300	P-MTAB-162330	National Center for Medical Genomics, Pilsen, Czech Republic	DE-20	sequencing assay	ERX14347375	DE-20_S29_R2.fastq.gz	DE-20_S29_R2.fastq.gz	ERR14943032	ftp://ftp.sra.ebi.ac.uk/vol1/fastq/ERR149/032/ERR14943032/ERR14943032_2.fastq.gz	Deep infiltration endometriosis (DIE)
DE-21	ERS24434711	SAMEA118253504	Homo sapiens	34	year	EFO	UO_0000036	adult	female	Deep infiltration endometriosis (DIE)	21	body proper	organism part	P-MTAB-162327	General Hospital in Prague	P-MTAB-162328	Radoslav Janoštiak	P-MTAB-162329	Radoslav Janoštiak	DE-21	RNA	PAIRED	PolyA	TRANSCRIPTOMIC	not applicable	RNA-Seq	300	P-MTAB-162330	National Center for Medical Genomics, Pilsen, Czech Republic	DE-21	sequencing assay	ERX14347376	DE-21_S30_R1.fastq.gz	DE-21_S30_R1.fastq.gz	ERR14943033	ftp://ftp.sra.ebi.ac.uk/vol1/fastq/ERR149/033/ERR14943033/ERR14943033_1.fastq.gz	Deep infiltration endometriosis (DIE)
DE-21	ERS24434711	SAMEA118253504	Homo sapiens	34	year	EFO	UO_0000036	adult	female	Deep infiltration endometriosis (DIE)	21	body proper	organism part	P-MTAB-162327	General Hospital in Prague	P-MTAB-162328	Radoslav Janoštiak	P-MTAB-162329	Radoslav Janoštiak	DE-21	RNA	PAIRED	PolyA	TRANSCRIPTOMIC	not applicable	RNA-Seq	300	P-MTAB-162330	National Center for Medical Genomics, Pilsen, Czech Republic	DE-21	sequencing assay	ERX14347376	DE-21_S30_R2.fastq.gz	DE-21_S30_R2.fastq.gz	ERR14943033	ftp://ftp.sra.ebi.ac.uk/vol1/fastq/ERR149/033/ERR14943033/ERR14943033_2.fastq.gz	Deep infiltration endometriosis (DIE)
DE-23	ERS24434712	SAMEA118253505	Homo sapiens	43	year	EFO	UO_0000036	adult	female	Deep infiltration endometriosis (DIE)	23	body proper	organism part	P-MTAB-162327	General Hospital in Prague	P-MTAB-162328	Radoslav Janoštiak	P-MTAB-162329	Radoslav Janoštiak	DE-23	RNA	PAIRED	PolyA	TRANSCRIPTOMIC	not applicable	RNA-Seq	300	P-MTAB-162330	National Center for Medical Genomics, Pilsen, Czech Republic	DE-23	sequencing assay	ERX14347377	DE-23_S31_R1.fastq.gz	DE-23_S31_R1.fastq.gz	ERR14943034	ftp://ftp.sra.ebi.ac.uk/vol1/fastq/ERR149/034/ERR14943034/ERR14943034_1.fastq.gz	Deep infiltration endometriosis (DIE)
DE-23	ERS24434712	SAMEA118253505	Homo sapiens	43	year	EFO	UO_0000036	adult	female	Deep infiltration endometriosis (DIE)	23	body proper	organism part	P-MTAB-162327	General Hospital in Prague	P-MTAB-162328	Radoslav Janoštiak	P-MTAB-162329	Radoslav Janoštiak	DE-23	RNA	PAIRED	PolyA	TRANSCRIPTOMIC	not applicable	RNA-Seq	300	P-MTAB-162330	National Center for Medical Genomics, Pilsen, Czech Republic	DE-23	sequencing assay	ERX14347377	DE-23_S31_R2.fastq.gz	DE-23_S31_R2.fastq.gz	ERR14943034	ftp://ftp.sra.ebi.ac.uk/vol1/fastq/ERR149/034/ERR14943034/ERR14943034_2.fastq.gz	Deep infiltration endometriosis (DIE)
DE-24	ERS24434713	SAMEA118253506	Homo sapiens	37	year	EFO	UO_0000036	adult	female	Deep infiltration endometriosis (DIE)	24	body proper	organism part	P-MTAB-162327	General Hospital in Prague	P-MTAB-162328	Radoslav Janoštiak	P-MTAB-162329	Radoslav Janoštiak	DE-24	RNA	PAIRED	PolyA	TRANSCRIPTOMIC	not applicable	RNA-Seq	300	P-MTAB-162330	National Center for Medical Genomics, Pilsen, Czech Republic	DE-24	sequencing assay	ERX14347378	DE-24_S32_R1.fastq.gz	DE-24_S32_R1.fastq.gz	ERR14943035	ftp://ftp.sra.ebi.ac.uk/vol1/fastq/ERR149/035/ERR14943035/ERR14943035_1.fastq.gz	Deep infiltration endometriosis (DIE)
DE-24	ERS24434713	SAMEA118253506	Homo sapiens	37	year	EFO	UO_0000036	adult	female	Deep infiltration endometriosis (DIE)	24	body proper	organism part	P-MTAB-162327	General Hospital in Prague	P-MTAB-162328	Radoslav Janoštiak	P-MTAB-162329	Radoslav Janoštiak	DE-24	RNA	PAIRED	PolyA	TRANSCRIPTOMIC	not applicable	RNA-Seq	300	P-MTAB-162330	National Center for Medical Genomics, Pilsen, Czech Republic	DE-24	sequencing assay	ERX14347378	DE-24_S32_R2.fastq.gz	DE-24_S32_R2.fastq.gz	ERR14943035	ftp://ftp.sra.ebi.ac.uk/vol1/fastq/ERR149/035/ERR14943035/ERR14943035_2.fastq.gz	Deep infiltration endometriosis (DIE)
OE-01	ERS24434714	SAMEA118253507	Homo sapiens	27	year	EFO	UO_0000036	adult	female	Ovarian endometriosis (OE)	1	ovary	organism part	P-MTAB-162327	General Hospital in Prague	P-MTAB-162328	Radoslav Janoštiak	P-MTAB-162329	Radoslav Janoštiak	OE-01	RNA	PAIRED	PolyA	TRANSCRIPTOMIC	not applicable	RNA-Seq	300	P-MTAB-162330	National Center for Medical Genomics, Pilsen, Czech Republic	OE-01	sequencing assay	ERX14347379	OE-01_S33_R1.fastq.gz	OE-01_S33_R1.fastq.gz	ERR14943036	ftp://ftp.sra.ebi.ac.uk/vol1/fastq/ERR149/036/ERR14943036/ERR14943036_1.fastq.gz	Ovarian endometriosis (OE)
OE-01	ERS24434714	SAMEA118253507	Homo sapiens	27	year	EFO	UO_0000036	adult	female	Ovarian endometriosis (OE)	1	ovary	organism part	P-MTAB-162327	General Hospital in Prague	P-MTAB-162328	Radoslav Janoštiak	P-MTAB-162329	Radoslav Janoštiak	OE-01	RNA	PAIRED	PolyA	TRANSCRIPTOMIC	not applicable	RNA-Seq	300	P-MTAB-162330	National Center for Medical Genomics, Pilsen, Czech Republic	OE-01	sequencing assay	ERX14347379	OE-01_S33_R2.fastq.gz	OE-01_S33_R2.fastq.gz	ERR14943036	ftp://ftp.sra.ebi.ac.uk/vol1/fastq/ERR149/036/ERR14943036/ERR14943036_2.fastq.gz	Ovarian endometriosis (OE)
OE-03	ERS24434716	SAMEA118253509	Homo sapiens	36	year	EFO	UO_0000036	adult	female	Ovarian endometriosis (OE)	3	ovary	organism part	P-MTAB-162327	General Hospital in Prague	P-MTAB-162328	Radoslav Janoštiak	P-MTAB-162329	Radoslav Janoštiak	OE-03	RNA	PAIRED	PolyA	TRANSCRIPTOMIC	not applicable	RNA-Seq	300	P-MTAB-162330	National Center for Medical Genomics, Pilsen, Czech Republic	OE-03	sequencing assay	ERX14347381	OE-03_S35_R1.fastq.gz	OE-03_S35_R1.fastq.gz	ERR14943038	ftp://ftp.sra.ebi.ac.uk/vol1/fastq/ERR149/038/ERR14943038/ERR14943038_1.fastq.gz	Ovarian endometriosis (OE)
OE-03	ERS24434716	SAMEA118253509	Homo sapiens	36	year	EFO	UO_0000036	adult	female	Ovarian endometriosis (OE)	3	ovary	organism part	P-MTAB-162327	General Hospital in Prague	P-MTAB-162328	Radoslav Janoštiak	P-MTAB-162329	Radoslav Janoštiak	OE-03	RNA	PAIRED	PolyA	TRANSCRIPTOMIC	not applicable	RNA-Seq	300	P-MTAB-162330	National Center for Medical Genomics, Pilsen, Czech Republic	OE-03	sequencing assay	ERX14347381	OE-03_S35_R2.fastq.gz	OE-03_S35_R2.fastq.gz	ERR14943038	ftp://ftp.sra.ebi.ac.uk/vol1/fastq/ERR149/038/ERR14943038/ERR14943038_2.fastq.gz	Ovarian endometriosis (OE)
OE-04	ERS24434717	SAMEA118253510	Homo sapiens	33	year	EFO	UO_0000036	adult	female	Ovarian endometriosis (OE)	4	ovary	organism part	P-MTAB-162327	General Hospital in Prague	P-MTAB-162328	Radoslav Janoštiak	P-MTAB-162329	Radoslav Janoštiak	OE-04	RNA	PAIRED	PolyA	TRANSCRIPTOMIC	not applicable	RNA-Seq	300	P-MTAB-162330	National Center for Medical Genomics, Pilsen, Czech Republic	OE-04	sequencing assay	ERX14347382	OE-04_S36_R1.fastq.gz	OE-04_S36_R1.fastq.gz	ERR14943039	ftp://ftp.sra.ebi.ac.uk/vol1/fastq/ERR149/039/ERR14943039/ERR14943039_1.fastq.gz	Ovarian endometriosis (OE)
OE-04	ERS24434717	SAMEA118253510	Homo sapiens	33	year	EFO	UO_0000036	adult	female	Ovarian endometriosis (OE)	4	ovary	organism part	P-MTAB-162327	General Hospital in Prague	P-MTAB-162328	Radoslav Janoštiak	P-MTAB-162329	Radoslav Janoštiak	OE-04	RNA	PAIRED	PolyA	TRANSCRIPTOMIC	not applicable	RNA-Seq	300	P-MTAB-162330	National Center for Medical Genomics, Pilsen, Czech Republic	OE-04	sequencing assay	ERX14347382	OE-04_S36_R2.fastq.gz	OE-04_S36_R2.fastq.gz	ERR14943039	ftp://ftp.sra.ebi.ac.uk/vol1/fastq/ERR149/039/ERR14943039/ERR14943039_2.fastq.gz	Ovarian endometriosis (OE)
OE-05	ERS24434718	SAMEA118253511	Homo sapiens	27	year	EFO	UO_0000036	adult	female	Ovarian endometriosis (OE)	5	ovary	organism part	P-MTAB-162327	General Hospital in Prague	P-MTAB-162328	Radoslav Janoštiak	P-MTAB-162329	Radoslav Janoštiak	OE-05	RNA	PAIRED	PolyA	TRANSCRIPTOMIC	not applicable	RNA-Seq	300	P-MTAB-162330	National Center for Medical Genomics, Pilsen, Czech Republic	OE-05	sequencing assay	ERX14347383	OE-05_S37_R1.fastq.gz	OE-05_S37_R1.fastq.gz	ERR14943040	ftp://ftp.sra.ebi.ac.uk/vol1/fastq/ERR149/040/ERR14943040/ERR14943040_1.fastq.gz	Ovarian endometriosis (OE)
OE-05	ERS24434718	SAMEA118253511	Homo sapiens	27	year	EFO	UO_0000036	adult	female	Ovarian endometriosis (OE)	5	ovary	organism part	P-MTAB-162327	General Hospital in Prague	P-MTAB-162328	Radoslav Janoštiak	P-MTAB-162329	Radoslav Janoštiak	OE-05	RNA	PAIRED	PolyA	TRANSCRIPTOMIC	not applicable	RNA-Seq	300	P-MTAB-162330	National Center for Medical Genomics, Pilsen, Czech Republic	OE-05	sequencing assay	ERX14347383	OE-05_S37_R2.fastq.gz	OE-05_S37_R2.fastq.gz	ERR14943040	ftp://ftp.sra.ebi.ac.uk/vol1/fastq/ERR149/040/ERR14943040/ERR14943040_2.fastq.gz	Ovarian endometriosis (OE)
OE-06	ERS24434719	SAMEA118253512	Homo sapiens	34	year	EFO	UO_0000036	adult	female	Ovarian endometriosis (OE)	6	ovary	organism part	P-MTAB-162327	General Hospital in Prague	P-MTAB-162328	Radoslav Janoštiak	P-MTAB-162329	Radoslav Janoštiak	OE-06	RNA	PAIRED	PolyA	TRANSCRIPTOMIC	not applicable	RNA-Seq	300	P-MTAB-162330	National Center for Medical Genomics, Pilsen, Czech Republic	OE-06	sequencing assay	ERX14347384	OE-06_S38_R1.fastq.gz	OE-06_S38_R1.fastq.gz	ERR14943041	ftp://ftp.sra.ebi.ac.uk/vol1/fastq/ERR149/041/ERR14943041/ERR14943041_1.fastq.gz	Ovarian endometriosis (OE)
OE-06	ERS24434719	SAMEA118253512	Homo sapiens	34	year	EFO	UO_0000036	adult	female	Ovarian endometriosis (OE)	6	ovary	organism part	P-MTAB-162327	General Hospital in Prague	P-MTAB-162328	Radoslav Janoštiak	P-MTAB-162329	Radoslav Janoštiak	OE-06	RNA	PAIRED	PolyA	TRANSCRIPTOMIC	not applicable	RNA-Seq	300	P-MTAB-162330	National Center for Medical Genomics, Pilsen, Czech Republic	OE-06	sequencing assay	ERX14347384	OE-06_S38_R2.fastq.gz	OE-06_S38_R2.fastq.gz	ERR14943041	ftp://ftp.sra.ebi.ac.uk/vol1/fastq/ERR149/041/ERR14943041/ERR14943041_2.fastq.gz	Ovarian endometriosis (OE)
OE-08	ERS24434721	SAMEA118253514	Homo sapiens	24	year	EFO	UO_0000036	adult	female	Ovarian endometriosis (OE)	8	ovary	organism part	P-MTAB-162327	General Hospital in Prague	P-MTAB-162328	Radoslav Janoštiak	P-MTAB-162329	Radoslav Janoštiak	OE-08	RNA	PAIRED	PolyA	TRANSCRIPTOMIC	not applicable	RNA-Seq	300	P-MTAB-162330	National Center for Medical Genomics, Pilsen, Czech Republic	OE-08	sequencing assay	ERX14347386	OE-08_S40_R1.fastq.gz	OE-08_S40_R1.fastq.gz	ERR14943043	ftp://ftp.sra.ebi.ac.uk/vol1/fastq/ERR149/043/ERR14943043/ERR14943043_1.fastq.gz	Ovarian endometriosis (OE)
OE-08	ERS24434721	SAMEA118253514	Homo sapiens	24	year	EFO	UO_0000036	adult	female	Ovarian endometriosis (OE)	8	ovary	organism part	P-MTAB-162327	General Hospital in Prague	P-MTAB-162328	Radoslav Janoštiak	P-MTAB-162329	Radoslav Janoštiak	OE-08	RNA	PAIRED	PolyA	TRANSCRIPTOMIC	not applicable	RNA-Seq	300	P-MTAB-162330	National Center for Medical Genomics, Pilsen, Czech Republic	OE-08	sequencing assay	ERX14347386	OE-08_S40_R2.fastq.gz	OE-08_S40_R2.fastq.gz	ERR14943043	ftp://ftp.sra.ebi.ac.uk/vol1/fastq/ERR149/043/ERR14943043/ERR14943043_2.fastq.gz	Ovarian endometriosis (OE)
OE-09	ERS24434722	SAMEA118253515	Homo sapiens	33	year	EFO	UO_0000036	adult	female	Ovarian endometriosis (OE)	9	ovary	organism part	P-MTAB-162327	General Hospital in Prague	P-MTAB-162328	Radoslav Janoštiak	P-MTAB-162329	Radoslav Janoštiak	OE-09	RNA	PAIRED	PolyA	TRANSCRIPTOMIC	not applicable	RNA-Seq	300	P-MTAB-162330	National Center for Medical Genomics, Pilsen, Czech Republic	OE-09	sequencing assay	ERX14347387	OE-09_S41_R1.fastq.gz	OE-09_S41_R1.fastq.gz	ERR14943044	ftp://ftp.sra.ebi.ac.uk/vol1/fastq/ERR149/044/ERR14943044/ERR14943044_1.fastq.gz	Ovarian endometriosis (OE)
OE-09	ERS24434722	SAMEA118253515	Homo sapiens	33	year	EFO	UO_0000036	adult	female	Ovarian endometriosis (OE)	9	ovary	organism part	P-MTAB-162327	General Hospital in Prague	P-MTAB-162328	Radoslav Janoštiak	P-MTAB-162329	Radoslav Janoštiak	OE-09	RNA	PAIRED	PolyA	TRANSCRIPTOMIC	not applicable	RNA-Seq	300	P-MTAB-162330	National Center for Medical Genomics, Pilsen, Czech Republic	OE-09	sequencing assay	ERX14347387	OE-09_S41_R2.fastq.gz	OE-09_S41_R2.fastq.gz	ERR14943044	ftp://ftp.sra.ebi.ac.uk/vol1/fastq/ERR149/044/ERR14943044/ERR14943044_2.fastq.gz	Ovarian endometriosis (OE)
OE-10	ERS24434723	SAMEA118253516	Homo sapiens	29	year	EFO	UO_0000036	adult	female	Ovarian endometriosis (OE)	10	ovary	organism part	P-MTAB-162327	General Hospital in Prague	P-MTAB-162328	Radoslav Janoštiak	P-MTAB-162329	Radoslav Janoštiak	OE-10	RNA	PAIRED	PolyA	TRANSCRIPTOMIC	not applicable	RNA-Seq	300	P-MTAB-162330	National Center for Medical Genomics, Pilsen, Czech Republic	OE-10	sequencing assay	ERX14347388	OE-10_S42_R1.fastq.gz	OE-10_S42_R1.fastq.gz	ERR14943045	ftp://ftp.sra.ebi.ac.uk/vol1/fastq/ERR149/045/ERR14943045/ERR14943045_1.fastq.gz	Ovarian endometriosis (OE)
OE-10	ERS24434723	SAMEA118253516	Homo sapiens	29	year	EFO	UO_0000036	adult	female	Ovarian endometriosis (OE)	10	ovary	organism part	P-MTAB-162327	General Hospital in Prague	P-MTAB-162328	Radoslav Janoštiak	P-MTAB-162329	Radoslav Janoštiak	OE-10	RNA	PAIRED	PolyA	TRANSCRIPTOMIC	not applicable	RNA-Seq	300	P-MTAB-162330	National Center for Medical Genomics, Pilsen, Czech Republic	OE-10	sequencing assay	ERX14347388	OE-10_S42_R2.fastq.gz	OE-10_S42_R2.fastq.gz	ERR14943045	ftp://ftp.sra.ebi.ac.uk/vol1/fastq/ERR149/045/ERR14943045/ERR14943045_2.fastq.gz	Ovarian endometriosis (OE)
OE-12	ERS24434724	SAMEA118253517	Homo sapiens	41	year	EFO	UO_0000036	adult	female	Ovarian endometriosis (OE)	12	ovary	organism part	P-MTAB-162327	General Hospital in Prague	P-MTAB-162328	Radoslav Janoštiak	P-MTAB-162329	Radoslav Janoštiak	OE-12	RNA	PAIRED	PolyA	TRANSCRIPTOMIC	not applicable	RNA-Seq	300	P-MTAB-162330	National Center for Medical Genomics, Pilsen, Czech Republic	OE-12	sequencing assay	ERX14347389	OE-12_S43_R1.fastq.gz	OE-12_S43_R1.fastq.gz	ERR14943046	ftp://ftp.sra.ebi.ac.uk/vol1/fastq/ERR149/046/ERR14943046/ERR14943046_1.fastq.gz	Ovarian endometriosis (OE)
OE-12	ERS24434724	SAMEA118253517	Homo sapiens	41	year	EFO	UO_0000036	adult	female	Ovarian endometriosis (OE)	12	ovary	organism part	P-MTAB-162327	General Hospital in Prague	P-MTAB-162328	Radoslav Janoštiak	P-MTAB-162329	Radoslav Janoštiak	OE-12	RNA	PAIRED	PolyA	TRANSCRIPTOMIC	not applicable	RNA-Seq	300	P-MTAB-162330	National Center for Medical Genomics, Pilsen, Czech Republic	OE-12	sequencing assay	ERX14347389	OE-12_S43_R2.fastq.gz	OE-12_S43_R2.fastq.gz	ERR14943046	ftp://ftp.sra.ebi.ac.uk/vol1/fastq/ERR149/046/ERR14943046/ERR14943046_2.fastq.gz	Ovarian endometriosis (OE)
OE-13	ERS24434725	SAMEA118253518	Homo sapiens	30	year	EFO	UO_0000036	adult	female	Ovarian endometriosis (OE)	13	ovary	organism part	P-MTAB-162327	General Hospital in Prague	P-MTAB-162328	Radoslav Janoštiak	P-MTAB-162329	Radoslav Janoštiak	OE-13	RNA	PAIRED	PolyA	TRANSCRIPTOMIC	not applicable	RNA-Seq	300	P-MTAB-162330	National Center for Medical Genomics, Pilsen, Czech Republic	OE-13	sequencing assay	ERX14347390	OE-13_S44_R1.fastq.gz	OE-13_S44_R1.fastq.gz	ERR14943047	ftp://ftp.sra.ebi.ac.uk/vol1/fastq/ERR149/047/ERR14943047/ERR14943047_1.fastq.gz	Ovarian endometriosis (OE)
OE-13	ERS24434725	SAMEA118253518	Homo sapiens	30	year	EFO	UO_0000036	adult	female	Ovarian endometriosis (OE)	13	ovary	organism part	P-MTAB-162327	General Hospital in Prague	P-MTAB-162328	Radoslav Janoštiak	P-MTAB-162329	Radoslav Janoštiak	OE-13	RNA	PAIRED	PolyA	TRANSCRIPTOMIC	not applicable	RNA-Seq	300	P-MTAB-162330	National Center for Medical Genomics, Pilsen, Czech Republic	OE-13	sequencing assay	ERX14347390	OE-13_S44_R2.fastq.gz	OE-13_S44_R2.fastq.gz	ERR14943047	ftp://ftp.sra.ebi.ac.uk/vol1/fastq/ERR149/047/ERR14943047/ERR14943047_2.fastq.gz	Ovarian endometriosis (OE)
OE-16	ERS24434726	SAMEA118253519	Homo sapiens	35	year	EFO	UO_0000036	adult	female	Ovarian endometriosis (OE)	16	ovary	organism part	P-MTAB-162327	General Hospital in Prague	P-MTAB-162328	Radoslav Janoštiak	P-MTAB-162329	Radoslav Janoštiak	OE-16	RNA	PAIRED	PolyA	TRANSCRIPTOMIC	not applicable	RNA-Seq	300	P-MTAB-162330	National Center for Medical Genomics, Pilsen, Czech Republic	OE-16	sequencing assay	ERX14347391	OE-16_S45_R1.fastq.gz	OE-16_S45_R1.fastq.gz	ERR14943048	ftp://ftp.sra.ebi.ac.uk/vol1/fastq/ERR149/048/ERR14943048/ERR14943048_1.fastq.gz	Ovarian endometriosis (OE)
OE-16	ERS24434726	SAMEA118253519	Homo sapiens	35	year	EFO	UO_0000036	adult	female	Ovarian endometriosis (OE)	16	ovary	organism part	P-MTAB-162327	General Hospital in Prague	P-MTAB-162328	Radoslav Janoštiak	P-MTAB-162329	Radoslav Janoštiak	OE-16	RNA	PAIRED	PolyA	TRANSCRIPTOMIC	not applicable	RNA-Seq	300	P-MTAB-162330	National Center for Medical Genomics, Pilsen, Czech Republic	OE-16	sequencing assay	ERX14347391	OE-16_S45_R2.fastq.gz	OE-16_S45_R2.fastq.gz	ERR14943048	ftp://ftp.sra.ebi.ac.uk/vol1/fastq/ERR149/048/ERR14943048/ERR14943048_2.fastq.gz	Ovarian endometriosis (OE)
PE-01	ERS24434727	SAMEA118253520	Homo sapiens	27	year	EFO	UO_0000036	adult	female	Peritoneal endometriosis (PE)	1	peritoneal cavity	organism part	P-MTAB-162327	General Hospital in Prague	P-MTAB-162328	Radoslav Janoštiak	P-MTAB-162329	Radoslav Janoštiak	PE-01	RNA	PAIRED	PolyA	TRANSCRIPTOMIC	not applicable	RNA-Seq	300	P-MTAB-162330	National Center for Medical Genomics, Pilsen, Czech Republic	PE-01	sequencing assay	ERX14347392	PE-01_S46_R1.fastq.gz	PE-01_S46_R1.fastq.gz	ERR14943049	ftp://ftp.sra.ebi.ac.uk/vol1/fastq/ERR149/049/ERR14943049/ERR14943049_1.fastq.gz	Peritoneal endometriosis (PE)
PE-01	ERS24434727	SAMEA118253520	Homo sapiens	27	year	EFO	UO_0000036	adult	female	Peritoneal endometriosis (PE)	1	peritoneal cavity	organism part	P-MTAB-162327	General Hospital in Prague	P-MTAB-162328	Radoslav Janoštiak	P-MTAB-162329	Radoslav Janoštiak	PE-01	RNA	PAIRED	PolyA	TRANSCRIPTOMIC	not applicable	RNA-Seq	300	P-MTAB-162330	National Center for Medical Genomics, Pilsen, Czech Republic	PE-01	sequencing assay	ERX14347392	PE-01_S46_R2.fastq.gz	PE-01_S46_R2.fastq.gz	ERR14943049	ftp://ftp.sra.ebi.ac.uk/vol1/fastq/ERR149/049/ERR14943049/ERR14943049_2.fastq.gz	Peritoneal endometriosis (PE)
PE-02	ERS24434728	SAMEA118253521	Homo sapiens	22	year	EFO	UO_0000036	adult	female	Peritoneal endometriosis (PE)	2	peritoneal cavity	organism part	P-MTAB-162327	General Hospital in Prague	P-MTAB-162328	Radoslav Janoštiak	P-MTAB-162329	Radoslav Janoštiak	PE-02	RNA	PAIRED	PolyA	TRANSCRIPTOMIC	not applicable	RNA-Seq	300	P-MTAB-162330	National Center for Medical Genomics, Pilsen, Czech Republic	PE-02	sequencing assay	ERX14347393	PE-02_S47_R1.fastq.gz	PE-02_S47_R1.fastq.gz	ERR14943050	ftp://ftp.sra.ebi.ac.uk/vol1/fastq/ERR149/050/ERR14943050/ERR14943050_1.fastq.gz	Peritoneal endometriosis (PE)
PE-02	ERS24434728	SAMEA118253521	Homo sapiens	22	year	EFO	UO_0000036	adult	female	Peritoneal endometriosis (PE)	2	peritoneal cavity	organism part	P-MTAB-162327	General Hospital in Prague	P-MTAB-162328	Radoslav Janoštiak	P-MTAB-162329	Radoslav Janoštiak	PE-02	RNA	PAIRED	PolyA	TRANSCRIPTOMIC	not applicable	RNA-Seq	300	P-MTAB-162330	National Center for Medical Genomics, Pilsen, Czech Republic	PE-02	sequencing assay	ERX14347393	PE-02_S47_R2.fastq.gz	PE-02_S47_R2.fastq.gz	ERR14943050	ftp://ftp.sra.ebi.ac.uk/vol1/fastq/ERR149/050/ERR14943050/ERR14943050_2.fastq.gz	Peritoneal endometriosis (PE)
PE-04	ERS24434729	SAMEA118253522	Homo sapiens	27	year	EFO	UO_0000036	adult	female	Peritoneal endometriosis (PE)	4	peritoneal cavity	organism part	P-MTAB-162327	General Hospital in Prague	P-MTAB-162328	Radoslav Janoštiak	P-MTAB-162329	Radoslav Janoštiak	PE-04	RNA	PAIRED	PolyA	TRANSCRIPTOMIC	not applicable	RNA-Seq	300	P-MTAB-162330	National Center for Medical Genomics, Pilsen, Czech Republic	PE-04	sequencing assay	ERX14347394	PE-04_S48_R1.fastq.gz	PE-04_S48_R1.fastq.gz	ERR14943051	ftp://ftp.sra.ebi.ac.uk/vol1/fastq/ERR149/051/ERR14943051/ERR14943051_1.fastq.gz	Peritoneal endometriosis (PE)
PE-04	ERS24434729	SAMEA118253522	Homo sapiens	27	year	EFO	UO_0000036	adult	female	Peritoneal endometriosis (PE)	4	peritoneal cavity	organism part	P-MTAB-162327	General Hospital in Prague	P-MTAB-162328	Radoslav Janoštiak	P-MTAB-162329	Radoslav Janoštiak	PE-04	RNA	PAIRED	PolyA	TRANSCRIPTOMIC	not applicable	RNA-Seq	300	P-MTAB-162330	National Center for Medical Genomics, Pilsen, Czech Republic	PE-04	sequencing assay	ERX14347394	PE-04_S48_R2.fastq.gz	PE-04_S48_R2.fastq.gz	ERR14943051	ftp://ftp.sra.ebi.ac.uk/vol1/fastq/ERR149/051/ERR14943051/ERR14943051_2.fastq.gz	Peritoneal endometriosis (PE)
PE-09	ERS24434734	SAMEA118253527	Homo sapiens	37	year	EFO	UO_0000036	adult	female	Peritoneal endometriosis (PE)	9	peritoneal cavity	organism part	P-MTAB-162327	General Hospital in Prague	P-MTAB-162328	Radoslav Janoštiak	P-MTAB-162329	Radoslav Janoštiak	PE-09	RNA	PAIRED	PolyA	TRANSCRIPTOMIC	not applicable	RNA-Seq	300	P-MTAB-162330	National Center for Medical Genomics, Pilsen, Czech Republic	PE-09	sequencing assay	ERX14347399	PE-09_S53_R1.fastq.gz	PE-09_S53_R1.fastq.gz	ERR14943056	ftp://ftp.sra.ebi.ac.uk/vol1/fastq/ERR149/056/ERR14943056/ERR14943056_1.fastq.gz	Peritoneal endometriosis (PE)
PE-09	ERS24434734	SAMEA118253527	Homo sapiens	37	year	EFO	UO_0000036	adult	female	Peritoneal endometriosis (PE)	9	peritoneal cavity	organism part	P-MTAB-162327	General Hospital in Prague	P-MTAB-162328	Radoslav Janoštiak	P-MTAB-162329	Radoslav Janoštiak	PE-09	RNA	PAIRED	PolyA	TRANSCRIPTOMIC	not applicable	RNA-Seq	300	P-MTAB-162330	National Center for Medical Genomics, Pilsen, Czech Republic	PE-09	sequencing assay	ERX14347399	PE-09_S53_R2.fastq.gz	PE-09_S53_R2.fastq.gz	ERR14943056	ftp://ftp.sra.ebi.ac.uk/vol1/fastq/ERR149/056/ERR14943056/ERR14943056_2.fastq.gz	Peritoneal endometriosis (PE)
PE-10	ERS24434735	SAMEA118253528	Homo sapiens	31	year	EFO	UO_0000036	adult	female	Peritoneal endometriosis (PE)	10	peritoneal cavity	organism part	P-MTAB-162327	General Hospital in Prague	P-MTAB-162328	Radoslav Janoštiak	P-MTAB-162329	Radoslav Janoštiak	PE-10	RNA	PAIRED	PolyA	TRANSCRIPTOMIC	not applicable	RNA-Seq	300	P-MTAB-162330	National Center for Medical Genomics, Pilsen, Czech Republic	PE-10	sequencing assay	ERX14347400	PE-10_S54_R1.fastq.gz	PE-10_S54_R1.fastq.gz	ERR14943057	ftp://ftp.sra.ebi.ac.uk/vol1/fastq/ERR149/057/ERR14943057/ERR14943057_1.fastq.gz	Peritoneal endometriosis (PE)
PE-10	ERS24434735	SAMEA118253528	Homo sapiens	31	year	EFO	UO_0000036	adult	female	Peritoneal endometriosis (PE)	10	peritoneal cavity	organism part	P-MTAB-162327	General Hospital in Prague	P-MTAB-162328	Radoslav Janoštiak	P-MTAB-162329	Radoslav Janoštiak	PE-10	RNA	PAIRED	PolyA	TRANSCRIPTOMIC	not applicable	RNA-Seq	300	P-MTAB-162330	National Center for Medical Genomics, Pilsen, Czech Republic	PE-10	sequencing assay	ERX14347400	PE-10_S54_R2.fastq.gz	PE-10_S54_R2.fastq.gz	ERR14943057	ftp://ftp.sra.ebi.ac.uk/vol1/fastq/ERR149/057/ERR14943057/ERR14943057_2.fastq.gz	Peritoneal endometriosis (PE)
PE-16	ERS24434737	SAMEA118253530	Homo sapiens	37	year	EFO	UO_0000036	adult	female	Peritoneal endometriosis (PE)	16	peritoneal cavity	organism part	P-MTAB-162327	General Hospital in Prague	P-MTAB-162328	Radoslav Janoštiak	P-MTAB-162329	Radoslav Janoštiak	PE-16	RNA	PAIRED	PolyA	TRANSCRIPTOMIC	not applicable	RNA-Seq	300	P-MTAB-162330	National Center for Medical Genomics, Pilsen, Czech Republic	PE-16	sequencing assay	ERX14347402	PE-16_S56_R1.fastq.gz	PE-16_S56_R1.fastq.gz	ERR14943059	ftp://ftp.sra.ebi.ac.uk/vol1/fastq/ERR149/059/ERR14943059/ERR14943059_1.fastq.gz	Peritoneal endometriosis (PE)
PE-16	ERS24434737	SAMEA118253530	Homo sapiens	37	year	EFO	UO_0000036	adult	female	Peritoneal endometriosis (PE)	16	peritoneal cavity	organism part	P-MTAB-162327	General Hospital in Prague	P-MTAB-162328	Radoslav Janoštiak	P-MTAB-162329	Radoslav Janoštiak	PE-16	RNA	PAIRED	PolyA	TRANSCRIPTOMIC	not applicable	RNA-Seq	300	P-MTAB-162330	National Center for Medical Genomics, Pilsen, Czech Republic	PE-16	sequencing assay	ERX14347402	PE-16_S56_R2.fastq.gz	PE-16_S56_R2.fastq.gz	ERR14943059	ftp://ftp.sra.ebi.ac.uk/vol1/fastq/ERR149/059/ERR14943059/ERR14943059_2.fastq.gz	Peritoneal endometriosis (PE)
