study_accession	sample_id	condition	original_disease	tissue	age_years	sex	individual_id	ena_sample	biosample	ena_experiment	ena_run	library_layout	library_selection	library_source	library_strategy	nominal_length	read1_url	read2_url
E-MTAB-15117	B-01	control	normal	endometrium	28	female	1	ERS24434682	SAMEA118253475	ERX14347347	ERR14943004	PAIRED	PolyA	TRANSCRIPTOMIC	RNA-Seq	300	ftp://ftp.sra.ebi.ac.uk/vol1/fastq/ERR149/004/ERR14943004/ERR14943004_1.fastq.gz	ftp://ftp.sra.ebi.ac.uk/vol1/fastq/ERR149/004/ERR14943004/ERR14943004_2.fastq.gz
E-MTAB-15117	B-03	control	normal	endometrium	32	female	3	ERS24434683	SAMEA118253476	ERX14347348	ERR14943005	PAIRED	PolyA	TRANSCRIPTOMIC	RNA-Seq	300	ftp://ftp.sra.ebi.ac.uk/vol1/fastq/ERR149/005/ERR14943005/ERR14943005_1.fastq.gz	ftp://ftp.sra.ebi.ac.uk/vol1/fastq/ERR149/005/ERR14943005/ERR14943005_2.fastq.gz
E-MTAB-15117	B-04	control	normal	endometrium	35	female	4	ERS24434684	SAMEA118253477	ERX14347349	ERR14943006	PAIRED	PolyA	TRANSCRIPTOMIC	RNA-Seq	300	ftp://ftp.sra.ebi.ac.uk/vol1/fastq/ERR149/006/ERR14943006/ERR14943006_1.fastq.gz	ftp://ftp.sra.ebi.ac.uk/vol1/fastq/ERR149/006/ERR14943006/ERR14943006_2.fastq.gz
E-MTAB-15117	B-05	control	normal	endometrium	33	female	5	ERS24434685	SAMEA118253478	ERX14347350	ERR14943007	PAIRED	PolyA	TRANSCRIPTOMIC	RNA-Seq	300	ftp://ftp.sra.ebi.ac.uk/vol1/fastq/ERR149/007/ERR14943007/ERR14943007_1.fastq.gz	ftp://ftp.sra.ebi.ac.uk/vol1/fastq/ERR149/007/ERR14943007/ERR14943007_2.fastq.gz
E-MTAB-15117	B-06	control	normal	endometrium	30	female	6	ERS24434686	SAMEA118253479	ERX14347351	ERR14943008	PAIRED	PolyA	TRANSCRIPTOMIC	RNA-Seq	300	ftp://ftp.sra.ebi.ac.uk/vol1/fastq/ERR149/008/ERR14943008/ERR14943008_1.fastq.gz	ftp://ftp.sra.ebi.ac.uk/vol1/fastq/ERR149/008/ERR14943008/ERR14943008_2.fastq.gz
E-MTAB-15117	B-07	control	normal	endometrium	33	female	7	ERS24434687	SAMEA118253480	ERX14347352	ERR14943009	PAIRED	PolyA	TRANSCRIPTOMIC	RNA-Seq	300	ftp://ftp.sra.ebi.ac.uk/vol1/fastq/ERR149/009/ERR14943009/ERR14943009_1.fastq.gz	ftp://ftp.sra.ebi.ac.uk/vol1/fastq/ERR149/009/ERR14943009/ERR14943009_2.fastq.gz
E-MTAB-15117	B-08	control	normal	endometrium	37	female	8	ERS24434688	SAMEA118253481	ERX14347353	ERR14943010	PAIRED	PolyA	TRANSCRIPTOMIC	RNA-Seq	300	ftp://ftp.sra.ebi.ac.uk/vol1/fastq/ERR149/010/ERR14943010/ERR14943010_1.fastq.gz	ftp://ftp.sra.ebi.ac.uk/vol1/fastq/ERR149/010/ERR14943010/ERR14943010_2.fastq.gz
E-MTAB-15117	B-09	control	normal	endometrium	33	female	9	ERS24434689	SAMEA118253482	ERX14347354	ERR14943011	PAIRED	PolyA	TRANSCRIPTOMIC	RNA-Seq	300	ftp://ftp.sra.ebi.ac.uk/vol1/fastq/ERR149/011/ERR14943011/ERR14943011_1.fastq.gz	ftp://ftp.sra.ebi.ac.uk/vol1/fastq/ERR149/011/ERR14943011/ERR14943011_2.fastq.gz
E-MTAB-15117	B-10	control	normal	endometrium	38	female	10	ERS24434690	SAMEA118253483	ERX14347355	ERR14943012	PAIRED	PolyA	TRANSCRIPTOMIC	RNA-Seq	300	ftp://ftp.sra.ebi.ac.uk/vol1/fastq/ERR149/012/ERR14943012/ERR14943012_1.fastq.gz	ftp://ftp.sra.ebi.ac.uk/vol1/fastq/ERR149/012/ERR14943012/ERR14943012_2.fastq.gz
E-MTAB-15117	B-11	control	normal	endometrium	29	female	11	ERS24434691	SAMEA118253484	ERX14347356	ERR14943013	PAIRED	PolyA	TRANSCRIPTOMIC	RNA-Seq	300	ftp://ftp.sra.ebi.ac.uk/vol1/fastq/ERR149/013/ERR14943013/ERR14943013_1.fastq.gz	ftp://ftp.sra.ebi.ac.uk/vol1/fastq/ERR149/013/ERR14943013/ERR14943013_2.fastq.gz
E-MTAB-15117	B-12	control	normal	endometrium	23	female	12	ERS24434692	SAMEA118253485	ERX14347357	ERR14943014	PAIRED	PolyA	TRANSCRIPTOMIC	RNA-Seq	300	ftp://ftp.sra.ebi.ac.uk/vol1/fastq/ERR149/014/ERR14943014/ERR14943014_1.fastq.gz	ftp://ftp.sra.ebi.ac.uk/vol1/fastq/ERR149/014/ERR14943014/ERR14943014_2.fastq.gz
E-MTAB-15117	B-13	control	normal	endometrium	30	female	13	ERS24434693	SAMEA118253486	ERX14347358	ERR14943015	PAIRED	PolyA	TRANSCRIPTOMIC	RNA-Seq	300	ftp://ftp.sra.ebi.ac.uk/vol1/fastq/ERR149/015/ERR14943015/ERR14943015_1.fastq.gz	ftp://ftp.sra.ebi.ac.uk/vol1/fastq/ERR149/015/ERR14943015/ERR14943015_2.fastq.gz
E-MTAB-15117	B-14	control	normal	endometrium	33	female	14	ERS24434694	SAMEA118253487	ERX14347359	ERR14943016	PAIRED	PolyA	TRANSCRIPTOMIC	RNA-Seq	300	ftp://ftp.sra.ebi.ac.uk/vol1/fastq/ERR149/016/ERR14943016/ERR14943016_1.fastq.gz	ftp://ftp.sra.ebi.ac.uk/vol1/fastq/ERR149/016/ERR14943016/ERR14943016_2.fastq.gz
E-MTAB-15117	B-15	control	normal	endometrium	25	female	15	ERS24434695	SAMEA118253488	ERX14347360	ERR14943017	PAIRED	PolyA	TRANSCRIPTOMIC	RNA-Seq	300	ftp://ftp.sra.ebi.ac.uk/vol1/fastq/ERR149/017/ERR14943017/ERR14943017_1.fastq.gz	ftp://ftp.sra.ebi.ac.uk/vol1/fastq/ERR149/017/ERR14943017/ERR14943017_2.fastq.gz
E-MTAB-15117	B-16	control	normal	endometrium	25	female	16	ERS24434696	SAMEA118253489	ERX14347361	ERR14943018	PAIRED	PolyA	TRANSCRIPTOMIC	RNA-Seq	300	ftp://ftp.sra.ebi.ac.uk/vol1/fastq/ERR149/018/ERR14943018/ERR14943018_1.fastq.gz	ftp://ftp.sra.ebi.ac.uk/vol1/fastq/ERR149/018/ERR14943018/ERR14943018_2.fastq.gz
E-MTAB-15117	DE-01	deep_infiltrating_endometriosis	Deep infiltration endometriosis (DIE)	body proper	34	female	1	ERS24434697	SAMEA118253490	ERX14347362	ERR14943019	PAIRED	PolyA	TRANSCRIPTOMIC	RNA-Seq	300	ftp://ftp.sra.ebi.ac.uk/vol1/fastq/ERR149/019/ERR14943019/ERR14943019_1.fastq.gz	ftp://ftp.sra.ebi.ac.uk/vol1/fastq/ERR149/019/ERR14943019/ERR14943019_2.fastq.gz
E-MTAB-15117	DE-03	deep_infiltrating_endometriosis	Deep infiltration endometriosis (DIE)	body proper	31	female	3	ERS24434698	SAMEA118253491	ERX14347363	ERR14943020	PAIRED	PolyA	TRANSCRIPTOMIC	RNA-Seq	300	ftp://ftp.sra.ebi.ac.uk/vol1/fastq/ERR149/020/ERR14943020/ERR14943020_1.fastq.gz	ftp://ftp.sra.ebi.ac.uk/vol1/fastq/ERR149/020/ERR14943020/ERR14943020_2.fastq.gz
E-MTAB-15117	DE-04	deep_infiltrating_endometriosis	Deep infiltration endometriosis (DIE)	body proper	36	female	4	ERS24434699	SAMEA118253492	ERX14347364	ERR14943021	PAIRED	PolyA	TRANSCRIPTOMIC	RNA-Seq	300	ftp://ftp.sra.ebi.ac.uk/vol1/fastq/ERR149/021/ERR14943021/ERR14943021_1.fastq.gz	ftp://ftp.sra.ebi.ac.uk/vol1/fastq/ERR149/021/ERR14943021/ERR14943021_2.fastq.gz
E-MTAB-15117	DE-05	deep_infiltrating_endometriosis	Deep infiltration endometriosis (DIE)	body proper	24	female	5	ERS24434700	SAMEA118253493	ERX14347365	ERR14943022	PAIRED	PolyA	TRANSCRIPTOMIC	RNA-Seq	300	ftp://ftp.sra.ebi.ac.uk/vol1/fastq/ERR149/022/ERR14943022/ERR14943022_1.fastq.gz	ftp://ftp.sra.ebi.ac.uk/vol1/fastq/ERR149/022/ERR14943022/ERR14943022_2.fastq.gz
E-MTAB-15117	DE-06	deep_infiltrating_endometriosis	Deep infiltration endometriosis (DIE)	body proper	32	female	6	ERS24434701	SAMEA118253494	ERX14347366	ERR14943023	PAIRED	PolyA	TRANSCRIPTOMIC	RNA-Seq	300	ftp://ftp.sra.ebi.ac.uk/vol1/fastq/ERR149/023/ERR14943023/ERR14943023_1.fastq.gz	ftp://ftp.sra.ebi.ac.uk/vol1/fastq/ERR149/023/ERR14943023/ERR14943023_2.fastq.gz
E-MTAB-15117	DE-09	deep_infiltrating_endometriosis	Deep infiltration endometriosis (DIE)	body proper	26	female	9	ERS24434702	SAMEA118253495	ERX14347367	ERR14943024	PAIRED	PolyA	TRANSCRIPTOMIC	RNA-Seq	300	ftp://ftp.sra.ebi.ac.uk/vol1/fastq/ERR149/024/ERR14943024/ERR14943024_1.fastq.gz	ftp://ftp.sra.ebi.ac.uk/vol1/fastq/ERR149/024/ERR14943024/ERR14943024_2.fastq.gz
E-MTAB-15117	DE-10	deep_infiltrating_endometriosis	Deep infiltration endometriosis (DIE)	body proper	36	female	10	ERS24434703	SAMEA118253496	ERX14347368	ERR14943025	PAIRED	PolyA	TRANSCRIPTOMIC	RNA-Seq	300	ftp://ftp.sra.ebi.ac.uk/vol1/fastq/ERR149/025/ERR14943025/ERR14943025_1.fastq.gz	ftp://ftp.sra.ebi.ac.uk/vol1/fastq/ERR149/025/ERR14943025/ERR14943025_2.fastq.gz
E-MTAB-15117	DE-12	deep_infiltrating_endometriosis	Deep infiltration endometriosis (DIE)	body proper	40	female	12	ERS24434704	SAMEA118253497	ERX14347369	ERR14943026	PAIRED	PolyA	TRANSCRIPTOMIC	RNA-Seq	300	ftp://ftp.sra.ebi.ac.uk/vol1/fastq/ERR149/026/ERR14943026/ERR14943026_1.fastq.gz	ftp://ftp.sra.ebi.ac.uk/vol1/fastq/ERR149/026/ERR14943026/ERR14943026_2.fastq.gz
E-MTAB-15117	DE-13	deep_infiltrating_endometriosis	Deep infiltration endometriosis (DIE)	body proper	29	female	13	ERS24434705	SAMEA118253498	ERX14347370	ERR14943027	PAIRED	PolyA	TRANSCRIPTOMIC	RNA-Seq	300	ftp://ftp.sra.ebi.ac.uk/vol1/fastq/ERR149/027/ERR14943027/ERR14943027_1.fastq.gz	ftp://ftp.sra.ebi.ac.uk/vol1/fastq/ERR149/027/ERR14943027/ERR14943027_2.fastq.gz
E-MTAB-15117	DE-14	deep_infiltrating_endometriosis	Deep infiltration endometriosis (DIE)endometriosis	body proper	26	female	14	ERS24434706	SAMEA118253499	ERX14347371	ERR14943028	PAIRED	PolyA	TRANSCRIPTOMIC	RNA-Seq	300	ftp://ftp.sra.ebi.ac.uk/vol1/fastq/ERR149/028/ERR14943028/ERR14943028_1.fastq.gz	ftp://ftp.sra.ebi.ac.uk/vol1/fastq/ERR149/028/ERR14943028/ERR14943028_2.fastq.gz
E-MTAB-15117	DE-16	deep_infiltrating_endometriosis	Deep infiltration endometriosis (DIE)	body proper	25	female	16	ERS24434708	SAMEA118253501	ERX14347373	ERR14943030	PAIRED	PolyA	TRANSCRIPTOMIC	RNA-Seq	300	ftp://ftp.sra.ebi.ac.uk/vol1/fastq/ERR149/030/ERR14943030/ERR14943030_1.fastq.gz	ftp://ftp.sra.ebi.ac.uk/vol1/fastq/ERR149/030/ERR14943030/ERR14943030_2.fastq.gz
E-MTAB-15117	DE-17	deep_infiltrating_endometriosis	Deep infiltration endometriosis (DIE)	body proper	28	female	17	ERS24434709	SAMEA118253502	ERX14347374	ERR14943031	PAIRED	PolyA	TRANSCRIPTOMIC	RNA-Seq	300	ftp://ftp.sra.ebi.ac.uk/vol1/fastq/ERR149/031/ERR14943031/ERR14943031_1.fastq.gz	ftp://ftp.sra.ebi.ac.uk/vol1/fastq/ERR149/031/ERR14943031/ERR14943031_2.fastq.gz
E-MTAB-15117	DE-20	deep_infiltrating_endometriosis	Deep infiltration endometriosis (DIE)	body proper	28	female	20	ERS24434710	SAMEA118253503	ERX14347375	ERR14943032	PAIRED	PolyA	TRANSCRIPTOMIC	RNA-Seq	300	ftp://ftp.sra.ebi.ac.uk/vol1/fastq/ERR149/032/ERR14943032/ERR14943032_1.fastq.gz	ftp://ftp.sra.ebi.ac.uk/vol1/fastq/ERR149/032/ERR14943032/ERR14943032_2.fastq.gz
E-MTAB-15117	DE-21	deep_infiltrating_endometriosis	Deep infiltration endometriosis (DIE)	body proper	34	female	21	ERS24434711	SAMEA118253504	ERX14347376	ERR14943033	PAIRED	PolyA	TRANSCRIPTOMIC	RNA-Seq	300	ftp://ftp.sra.ebi.ac.uk/vol1/fastq/ERR149/033/ERR14943033/ERR14943033_1.fastq.gz	ftp://ftp.sra.ebi.ac.uk/vol1/fastq/ERR149/033/ERR14943033/ERR14943033_2.fastq.gz
E-MTAB-15117	DE-23	deep_infiltrating_endometriosis	Deep infiltration endometriosis (DIE)	body proper	43	female	23	ERS24434712	SAMEA118253505	ERX14347377	ERR14943034	PAIRED	PolyA	TRANSCRIPTOMIC	RNA-Seq	300	ftp://ftp.sra.ebi.ac.uk/vol1/fastq/ERR149/034/ERR14943034/ERR14943034_1.fastq.gz	ftp://ftp.sra.ebi.ac.uk/vol1/fastq/ERR149/034/ERR14943034/ERR14943034_2.fastq.gz
E-MTAB-15117	DE-24	deep_infiltrating_endometriosis	Deep infiltration endometriosis (DIE)	body proper	37	female	24	ERS24434713	SAMEA118253506	ERX14347378	ERR14943035	PAIRED	PolyA	TRANSCRIPTOMIC	RNA-Seq	300	ftp://ftp.sra.ebi.ac.uk/vol1/fastq/ERR149/035/ERR14943035/ERR14943035_1.fastq.gz	ftp://ftp.sra.ebi.ac.uk/vol1/fastq/ERR149/035/ERR14943035/ERR14943035_2.fastq.gz
E-MTAB-15117	OE-01	ovarian_endometriosis	Ovarian endometriosis (OE)	ovary	27	female	1	ERS24434714	SAMEA118253507	ERX14347379	ERR14943036	PAIRED	PolyA	TRANSCRIPTOMIC	RNA-Seq	300	ftp://ftp.sra.ebi.ac.uk/vol1/fastq/ERR149/036/ERR14943036/ERR14943036_1.fastq.gz	ftp://ftp.sra.ebi.ac.uk/vol1/fastq/ERR149/036/ERR14943036/ERR14943036_2.fastq.gz
E-MTAB-15117	OE-03	ovarian_endometriosis	Ovarian endometriosis (OE)	ovary	36	female	3	ERS24434716	SAMEA118253509	ERX14347381	ERR14943038	PAIRED	PolyA	TRANSCRIPTOMIC	RNA-Seq	300	ftp://ftp.sra.ebi.ac.uk/vol1/fastq/ERR149/038/ERR14943038/ERR14943038_1.fastq.gz	ftp://ftp.sra.ebi.ac.uk/vol1/fastq/ERR149/038/ERR14943038/ERR14943038_2.fastq.gz
E-MTAB-15117	OE-04	ovarian_endometriosis	Ovarian endometriosis (OE)	ovary	33	female	4	ERS24434717	SAMEA118253510	ERX14347382	ERR14943039	PAIRED	PolyA	TRANSCRIPTOMIC	RNA-Seq	300	ftp://ftp.sra.ebi.ac.uk/vol1/fastq/ERR149/039/ERR14943039/ERR14943039_1.fastq.gz	ftp://ftp.sra.ebi.ac.uk/vol1/fastq/ERR149/039/ERR14943039/ERR14943039_2.fastq.gz
E-MTAB-15117	OE-05	ovarian_endometriosis	Ovarian endometriosis (OE)	ovary	27	female	5	ERS24434718	SAMEA118253511	ERX14347383	ERR14943040	PAIRED	PolyA	TRANSCRIPTOMIC	RNA-Seq	300	ftp://ftp.sra.ebi.ac.uk/vol1/fastq/ERR149/040/ERR14943040/ERR14943040_1.fastq.gz	ftp://ftp.sra.ebi.ac.uk/vol1/fastq/ERR149/040/ERR14943040/ERR14943040_2.fastq.gz
E-MTAB-15117	OE-06	ovarian_endometriosis	Ovarian endometriosis (OE)	ovary	34	female	6	ERS24434719	SAMEA118253512	ERX14347384	ERR14943041	PAIRED	PolyA	TRANSCRIPTOMIC	RNA-Seq	300	ftp://ftp.sra.ebi.ac.uk/vol1/fastq/ERR149/041/ERR14943041/ERR14943041_1.fastq.gz	ftp://ftp.sra.ebi.ac.uk/vol1/fastq/ERR149/041/ERR14943041/ERR14943041_2.fastq.gz
E-MTAB-15117	OE-08	ovarian_endometriosis	Ovarian endometriosis (OE)	ovary	24	female	8	ERS24434721	SAMEA118253514	ERX14347386	ERR14943043	PAIRED	PolyA	TRANSCRIPTOMIC	RNA-Seq	300	ftp://ftp.sra.ebi.ac.uk/vol1/fastq/ERR149/043/ERR14943043/ERR14943043_1.fastq.gz	ftp://ftp.sra.ebi.ac.uk/vol1/fastq/ERR149/043/ERR14943043/ERR14943043_2.fastq.gz
E-MTAB-15117	OE-09	ovarian_endometriosis	Ovarian endometriosis (OE)	ovary	33	female	9	ERS24434722	SAMEA118253515	ERX14347387	ERR14943044	PAIRED	PolyA	TRANSCRIPTOMIC	RNA-Seq	300	ftp://ftp.sra.ebi.ac.uk/vol1/fastq/ERR149/044/ERR14943044/ERR14943044_1.fastq.gz	ftp://ftp.sra.ebi.ac.uk/vol1/fastq/ERR149/044/ERR14943044/ERR14943044_2.fastq.gz
E-MTAB-15117	OE-10	ovarian_endometriosis	Ovarian endometriosis (OE)	ovary	29	female	10	ERS24434723	SAMEA118253516	ERX14347388	ERR14943045	PAIRED	PolyA	TRANSCRIPTOMIC	RNA-Seq	300	ftp://ftp.sra.ebi.ac.uk/vol1/fastq/ERR149/045/ERR14943045/ERR14943045_1.fastq.gz	ftp://ftp.sra.ebi.ac.uk/vol1/fastq/ERR149/045/ERR14943045/ERR14943045_2.fastq.gz
E-MTAB-15117	OE-12	ovarian_endometriosis	Ovarian endometriosis (OE)	ovary	41	female	12	ERS24434724	SAMEA118253517	ERX14347389	ERR14943046	PAIRED	PolyA	TRANSCRIPTOMIC	RNA-Seq	300	ftp://ftp.sra.ebi.ac.uk/vol1/fastq/ERR149/046/ERR14943046/ERR14943046_1.fastq.gz	ftp://ftp.sra.ebi.ac.uk/vol1/fastq/ERR149/046/ERR14943046/ERR14943046_2.fastq.gz
E-MTAB-15117	OE-13	ovarian_endometriosis	Ovarian endometriosis (OE)	ovary	30	female	13	ERS24434725	SAMEA118253518	ERX14347390	ERR14943047	PAIRED	PolyA	TRANSCRIPTOMIC	RNA-Seq	300	ftp://ftp.sra.ebi.ac.uk/vol1/fastq/ERR149/047/ERR14943047/ERR14943047_1.fastq.gz	ftp://ftp.sra.ebi.ac.uk/vol1/fastq/ERR149/047/ERR14943047/ERR14943047_2.fastq.gz
E-MTAB-15117	OE-16	ovarian_endometriosis	Ovarian endometriosis (OE)	ovary	35	female	16	ERS24434726	SAMEA118253519	ERX14347391	ERR14943048	PAIRED	PolyA	TRANSCRIPTOMIC	RNA-Seq	300	ftp://ftp.sra.ebi.ac.uk/vol1/fastq/ERR149/048/ERR14943048/ERR14943048_1.fastq.gz	ftp://ftp.sra.ebi.ac.uk/vol1/fastq/ERR149/048/ERR14943048/ERR14943048_2.fastq.gz
E-MTAB-15117	PE-01	peritoneal_endometriosis	Peritoneal endometriosis (PE)	peritoneal cavity	27	female	1	ERS24434727	SAMEA118253520	ERX14347392	ERR14943049	PAIRED	PolyA	TRANSCRIPTOMIC	RNA-Seq	300	ftp://ftp.sra.ebi.ac.uk/vol1/fastq/ERR149/049/ERR14943049/ERR14943049_1.fastq.gz	ftp://ftp.sra.ebi.ac.uk/vol1/fastq/ERR149/049/ERR14943049/ERR14943049_2.fastq.gz
E-MTAB-15117	PE-02	peritoneal_endometriosis	Peritoneal endometriosis (PE)	peritoneal cavity	22	female	2	ERS24434728	SAMEA118253521	ERX14347393	ERR14943050	PAIRED	PolyA	TRANSCRIPTOMIC	RNA-Seq	300	ftp://ftp.sra.ebi.ac.uk/vol1/fastq/ERR149/050/ERR14943050/ERR14943050_1.fastq.gz	ftp://ftp.sra.ebi.ac.uk/vol1/fastq/ERR149/050/ERR14943050/ERR14943050_2.fastq.gz
E-MTAB-15117	PE-04	peritoneal_endometriosis	Peritoneal endometriosis (PE)	peritoneal cavity	27	female	4	ERS24434729	SAMEA118253522	ERX14347394	ERR14943051	PAIRED	PolyA	TRANSCRIPTOMIC	RNA-Seq	300	ftp://ftp.sra.ebi.ac.uk/vol1/fastq/ERR149/051/ERR14943051/ERR14943051_1.fastq.gz	ftp://ftp.sra.ebi.ac.uk/vol1/fastq/ERR149/051/ERR14943051/ERR14943051_2.fastq.gz
E-MTAB-15117	PE-09	peritoneal_endometriosis	Peritoneal endometriosis (PE)	peritoneal cavity	37	female	9	ERS24434734	SAMEA118253527	ERX14347399	ERR14943056	PAIRED	PolyA	TRANSCRIPTOMIC	RNA-Seq	300	ftp://ftp.sra.ebi.ac.uk/vol1/fastq/ERR149/056/ERR14943056/ERR14943056_1.fastq.gz	ftp://ftp.sra.ebi.ac.uk/vol1/fastq/ERR149/056/ERR14943056/ERR14943056_2.fastq.gz
E-MTAB-15117	PE-10	peritoneal_endometriosis	Peritoneal endometriosis (PE)	peritoneal cavity	31	female	10	ERS24434735	SAMEA118253528	ERX14347400	ERR14943057	PAIRED	PolyA	TRANSCRIPTOMIC	RNA-Seq	300	ftp://ftp.sra.ebi.ac.uk/vol1/fastq/ERR149/057/ERR14943057/ERR14943057_1.fastq.gz	ftp://ftp.sra.ebi.ac.uk/vol1/fastq/ERR149/057/ERR14943057/ERR14943057_2.fastq.gz
E-MTAB-15117	PE-16	peritoneal_endometriosis	Peritoneal endometriosis (PE)	peritoneal cavity	37	female	16	ERS24434737	SAMEA118253530	ERX14347402	ERR14943059	PAIRED	PolyA	TRANSCRIPTOMIC	RNA-Seq	300	ftp://ftp.sra.ebi.ac.uk/vol1/fastq/ERR149/059/ERR14943059/ERR14943059_1.fastq.gz	ftp://ftp.sra.ebi.ac.uk/vol1/fastq/ERR149/059/ERR14943059/ERR14943059_2.fastq.gz
