geo_accession	subject_id	condition	sample_location	tissue	primary_comparison	sra_accession	featurecounts_url
GSM6102567	C01	control	control_endometrium	endometrium	yes	SRX15145269	ftp://ftp.ncbi.nlm.nih.gov/geo/samples/GSM6102nnn/GSM6102567/suppl/GSM6102567_C01_Ctrl_bulk.featurecounts.txt.gz
GSM6102568	C04	control	control_endometrium	endometrium	yes	SRX15145270	ftp://ftp.ncbi.nlm.nih.gov/geo/samples/GSM6102nnn/GSM6102568/suppl/GSM6102568_C04_Ctrl_bulk.featurecounts.txt.gz
GSM6102569	C05	control	control_endometrium	endometrium	yes	SRX15145271	ftp://ftp.ncbi.nlm.nih.gov/geo/samples/GSM6102nnn/GSM6102569/suppl/GSM6102569_C05_Ctrl_bulk.featurecounts.txt.gz
GSM6102570	C06	control	control_endometrium	endometrium	yes	SRX15145272	ftp://ftp.ncbi.nlm.nih.gov/geo/samples/GSM6102nnn/GSM6102570/suppl/GSM6102570_C06_Ctrl_bulk.featurecounts.txt.gz
GSM6102571	C07	control	control_endometrium	endometrium	yes	SRX15145273	ftp://ftp.ncbi.nlm.nih.gov/geo/samples/GSM6102nnn/GSM6102571/suppl/GSM6102571_C07_Ctrl_bulk.featurecounts.txt.gz
GSM6102572	E03	endometriosis	eutopic_endometrium	endometrium	yes	SRX15145274	ftp://ftp.ncbi.nlm.nih.gov/geo/samples/GSM6102nnn/GSM6102572/suppl/GSM6102572_E03_EuE_bulk.featurecounts.txt.gz
GSM6102573	E05	endometriosis	ectopic_peritoneum	endometrium	no	SRX15145277	ftp://ftp.ncbi.nlm.nih.gov/geo/samples/GSM6102nnn/GSM6102573/suppl/GSM6102573_E05_EcP_bulk.featurecounts.txt.gz
GSM6102574	E07	endometriosis	ectopic_ovary	endometrium	no	SRX15145278	ftp://ftp.ncbi.nlm.nih.gov/geo/samples/GSM6102nnn/GSM6102574/suppl/GSM6102574_E07_EcO_bulk.featurecounts.txt.gz
GSM6102575	E07	endometriosis	eutopic_endometrium	endometrium	yes	SRX15145279	ftp://ftp.ncbi.nlm.nih.gov/geo/samples/GSM6102nnn/GSM6102575/suppl/GSM6102575_E07_EuE_bulk.featurecounts.txt.gz
GSM6102576	E09	endometriosis	eutopic_endometrium	endometrium	yes	SRX15145280	ftp://ftp.ncbi.nlm.nih.gov/geo/samples/GSM6102nnn/GSM6102576/suppl/GSM6102576_E09_EuE_bulk.featurecounts.txt.gz
GSM6102577	E10	endometriosis	ectopic_ovary	endometrium	no	SRX15145281	ftp://ftp.ncbi.nlm.nih.gov/geo/samples/GSM6102nnn/GSM6102577/suppl/GSM6102577_E10_EcO_bulk.featurecounts.txt.gz
GSM6102578	E10	endometriosis	ectopic_peritoneum	endometrium	no	SRX15145282	ftp://ftp.ncbi.nlm.nih.gov/geo/samples/GSM6102nnn/GSM6102578/suppl/GSM6102578_E10_EcP_bulk.featurecounts.txt.gz
GSM6102579	E13	endometriosis	ectopic_ovary	endometrium	no	SRX15145283	ftp://ftp.ncbi.nlm.nih.gov/geo/samples/GSM6102nnn/GSM6102579/suppl/GSM6102579_E13_EcO_bulk.featurecounts.txt.gz
GSM6102580	E13	endometriosis	ectopic_peritoneum	endometrium	no	SRX15145284	ftp://ftp.ncbi.nlm.nih.gov/geo/samples/GSM6102nnn/GSM6102580/suppl/GSM6102580_E13_EcP_bulk.featurecounts.txt.gz
GSM6102581	E13	endometriosis	eutopic_endometrium	endometrium	yes	SRX15145243	ftp://ftp.ncbi.nlm.nih.gov/geo/samples/GSM6102nnn/GSM6102581/suppl/GSM6102581_E13_EuE_bulk.featurecounts.txt.gz
GSM6102582	E14	endometriosis	ectopic_ovary	endometrium	no	SRX15145244	ftp://ftp.ncbi.nlm.nih.gov/geo/samples/GSM6102nnn/GSM6102582/suppl/GSM6102582_E14_EcO_bulk.featurecounts.txt.gz
GSM6102583	E14	endometriosis	ectopic_peritoneum	endometrium	no	SRX15145245	ftp://ftp.ncbi.nlm.nih.gov/geo/samples/GSM6102nnn/GSM6102583/suppl/GSM6102583_E14_EcP_bulk.featurecounts.txt.gz
GSM6102584	E15	endometriosis	eutopic_endometrium	endometrium	yes	SRX15145246	ftp://ftp.ncbi.nlm.nih.gov/geo/samples/GSM6102nnn/GSM6102584/suppl/GSM6102584_E15_EuE_bulk.featurecounts.txt.gz
GSM6102585	E16	endometriosis	ectopic_ovary	endometrium	no	SRX15145247	ftp://ftp.ncbi.nlm.nih.gov/geo/samples/GSM6102nnn/GSM6102585/suppl/GSM6102585_E16_EcO_bulk.featurecounts.txt.gz
GSM6102586	E16	endometriosis	ectopic_peritoneum	endometrium	no	SRX15145248	ftp://ftp.ncbi.nlm.nih.gov/geo/samples/GSM6102nnn/GSM6102586/suppl/GSM6102586_E16_EcP_bulk.featurecounts.txt.gz
GSM6102587	E16	endometriosis	eutopic_endometrium	endometrium	yes	SRX15145249	ftp://ftp.ncbi.nlm.nih.gov/geo/samples/GSM6102nnn/GSM6102587/suppl/GSM6102587_E16_EuE_bulk.featurecounts.txt.gz
GSM6102588	E17	endometriosis	ectopic_ovary	endometrium	no	SRX15145250	ftp://ftp.ncbi.nlm.nih.gov/geo/samples/GSM6102nnn/GSM6102588/suppl/GSM6102588_E17_EcO_bulk.featurecounts.txt.gz
GSM6102589	E17	endometriosis	ectopic_peritoneum	endometrium	no	SRX15145275	ftp://ftp.ncbi.nlm.nih.gov/geo/samples/GSM6102nnn/GSM6102589/suppl/GSM6102589_E17_EcP_bulk.featurecounts.txt.gz
GSM6102590	E17	endometriosis	eutopic_endometrium	endometrium	yes	SRX15145276	ftp://ftp.ncbi.nlm.nih.gov/geo/samples/GSM6102nnn/GSM6102590/suppl/GSM6102590_E17_EuE_bulk.featurecounts.txt.gz
